arm,group,split,case,count,finite_count,nonfinite_count,p50_mm,p95_mm,p99_mm,max_mm,within_3mm,within_10mm,bounds_violations,centroid_dx_mm,centroid_dy_mm,centroid_dz_mm,centered_rms_scale_ratio,plane_p95_mm,beta_step_max_deg,beta_step_gt7deg_rate,endpoint_beta_gap_deg
control_20260925,on_grid,test,all,8272,8272,0,2.9558915116927453,9.833337219126788,20.41112850681989,125.64836436917584,0.5102756286266924,0.9512814313346228,0,,,,,,,,
control_20260925,on_grid,test,core,71,71,0,0.8951582739870931,2.0477421007634593,3.190724320750916,3.931382783834747,0.9859154929577465,1.0,0,,,,,,,,
control_20260925,on_grid,test,transition,1139,1139,0,1.979384621207965,9.838445548896411,28.70769818569889,59.303928873730634,0.7708516242317822,0.9508340649692713,0,,,,,,,,
control_20260925,on_grid,test,tip,100,100,0,3.1545980539580047,6.404468276823312,7.3791050660081545,7.77144865947134,0.48,1.0,0,,,,,,,,
control_20260925,on_grid,test,outer,4187,4187,0,3.2999696329087143,8.965100792012699,19.050647211309418,125.64836436917584,0.429902077860043,0.960114640554096,0,,,,,,,,
control_20260925,on_grid,train,all,58629,58629,0,3.0472155471708096,9.088356290641704,18.217915213294805,141.10242636171208,0.4893994439611796,0.9595422060754917,0,,,,,,,,
control_20260925,on_grid,train,core,417,417,0,1.0641138839483752,2.5777249595546508,3.530693297210237,4.256112507641166,0.9808153477218226,1.0,0,,,,,,,,
control_20260925,on_grid,train,transition,5726,5726,0,1.9197417430734243,5.988135364558282,17.730460673037236,55.53416705654354,0.7748864827104436,0.9758994062172547,0,,,,,,,,
control_20260925,on_grid,train,tip,1182,1182,0,2.739220686085221,7.0251072245655175,8.175461843861392,8.641202711437574,0.5414551607445008,1.0,0,,,,,,,,
control_20260925,on_grid,train,outer,35986,35986,0,3.3078547651690053,8.582948480378445,16.8463039173733,141.10242636171208,0.42513755349302507,0.965708886789307,0,,,,,,,,
control_20260925,on_grid,validation,all,7795,7795,0,3.1260202016043745,10.169518373258567,20.7308256644851,79.68625897156663,0.4708146247594612,0.9475304682488774,0,,,,,,,,
control_20260925,on_grid,validation,core,38,38,0,0.7741075997727037,1.4697378740358484,1.6942625150266213,1.8257204477534479,1.0,1.0,0,,,,,,,,
control_20260925,on_grid,validation,transition,634,634,0,1.7126920526013414,5.3161145515645085,12.861192613148761,47.88259852902948,0.7697160883280757,0.9858044164037855,0,,,,,,,,
control_20260925,on_grid,validation,tip,109,109,0,3.482799045983778,8.190083521055566,8.51054439120323,8.690386184335072,0.3944954128440367,1.0,0,,,,,,,,
control_20260925,on_grid,validation,outer,4553,4553,0,3.3429033312114362,9.40826145681643,16.273562898696756,79.68625897156663,0.41972325938941357,0.9560729189545355,0,,,,,,,,
control_20260925,targets,diagnostic,fixed_circle_r40_u100,121,121,0,0.7545374261614208,0.979970416455904,0.98995206463429,0.9904690160742068,1.0,1.0,0,-0.25678493266496755,0.14701983682324932,-0.4283360903924723,1.0007377971636378,0.926046874944797,0.08893674695638228,0.0,0.0
control_20260925,targets,diagnostic,retry17_rounded_rectangle_0,360,360,0,3.684448184264105,5.620205185371404,5.925991478420447,5.986539363399544,0.25833333333333336,1.0,0,-0.8336335194149825,0.5068120266663191,1.6970536739427968,1.0056697275317747,2.319332171119147,0.18030247993635035,0.0,0.10488139668695393
control_20260925,targets,diagnostic,retry17_rounded_rectangle_1,360,360,0,3.019265858694177,4.436147164608451,4.797219932636382,4.820467666028509,0.49722222222222223,1.0,0,-0.016429456502908835,0.39274247049471045,1.368417722017248,1.0057907327291598,2.9450223675572267,0.1425656847720299,0.0,0.05063133854365827
control_20260925,targets,diagnostic,retry17_rounded_rectangle_2,360,360,0,2.7699991385101366,5.357010960405867,5.570154753394254,5.583266563513345,0.5527777777777778,1.0,0,1.862657004621644,0.5721510945810312,-0.9799327787844548,1.00060375467194,3.1040452536067544,0.15441520920835577,0.0,0.06578027123592342
control_20260925,targets,diagnostic,retry19_exact_seam_rectangle_0,120,120,0,1.1156797714777973,2.4408783618590615,2.4655429325877516,2.4679205171642176,1.0,1.0,0,-0.0025030996289846876,-0.043855037514445805,-1.241558543627642,0.9957810104394321,,0.15867297838221248,0.0,0.06234425919658389
control_20260925,targets,diagnostic,retry19_exact_seam_rectangle_1,120,120,0,1.0793819951245711,2.5126698350732593,2.533063659411649,2.534911261489352,1.0,1.0,0,-0.03706345477921258,-0.12001456993672294,-1.1117374969767557,0.9998711340430889,,0.15240371849778703,0.0,0.04447328267665709
control_20260925,targets,diagnostic,retry19_exact_seam_rectangle_2,120,120,0,1.0630083838461586,1.9567687036614816,2.008097506121304,2.0109069646357716,1.0,1.0,0,-0.031830027472297864,-0.11016692414831848,-0.5567204582878927,1.0020673400282798,1.9361350877346815,0.12520675899644249,0.0,0.1185942821062239
control_20260925,targets,diagnostic,retry19_seam_between_rectangle_0,120,120,0,1.026233540761504,2.452374427784897,2.4817072721099187,2.4843661160691357,1.0,1.0,0,0.006271656266199077,-0.06694387621187765,-1.2155800454902124,1.0045236534444855,0.7559806641488108,0.14983300604892347,0.0,0.0631041177417478
control_20260925,targets,diagnostic,retry19_seam_between_rectangle_1,120,120,0,1.205038308400777,2.4278746048152198,2.470604092316329,2.47401603447159,1.0,1.0,0,-0.10940138456392116,-0.11871711309492472,-1.050836632633592,1.0054216927344775,1.779778095572621,0.12967882535550834,0.0,0.04687409416991657
control_20260925,targets,diagnostic,retry19_seam_between_rectangle_2,120,120,0,1.0928858335561893,1.809137494339723,1.8440652197875766,1.846463825199728,1.0,1.0,0,-0.12402487232248866,-0.10049008706603882,-0.5581308142123832,1.0026116439685169,1.740882200613812,0.08694745436061607,0.0,0.07873585943096824
control_20260925,targets,diagnostic,retry19_slanted_ellipse,120,120,0,1.1306990130605865,2.448890550356335,2.466683493260181,2.468265473709855,1.0,1.0,0,-0.1131460312378966,-0.08755194112001576,-1.1602292312430569,1.0049367783123901,1.4262863477811347,0.1414882224304604,0.0,0.030253042268102104
control_20260925,targets,diagnostic,retry19_spiral_3d,120,120,0,0.9380300048157311,2.3667975150854406,2.5376034169544446,2.57203372030637,1.0,1.0,0,-0.027194234489299102,-0.09872384015816518,-0.8884020558218606,0.9911288200682347,,0.11587586681655883,0.0,5.622704786081938
control_20260925,targets,diagnostic,retry19_star,120,120,0,1.2406061606691248,2.14271587720006,2.2730277448170697,2.30557953094817,1.0,1.0,0,-0.18201925610170644,-0.061204436496397056,-1.0341766479767527,1.00553098138067,1.2308304508250918,0.1654399883024026,0.0,0.0753395478661794
control_20260925,targets,diagnostic,retry19_zero_to_boundary_0,120,120,0,1.9638473586681275,7.328961777242643,7.6005122261607525,7.630010290306163,0.7666666666666667,1.0,0,1.450175019989249,0.4446464089882718,-0.5905041284600904,1.016062568053151,1.32704357299591,0.3605303080395066,0.0,12.2219669275078
control_20260925,targets,diagnostic,retry19_zero_to_boundary_1,120,120,0,2.382649203791889,8.168118569591835,8.465705236253635,8.48697867303162,0.575,1.0,0,1.898563619414349,-0.04775528980760734,0.4686606272374569,1.0117791135641614,3.1749093088414444,0.36687806173853427,0.0,14.61838750320066
control_20260925,targets,diagnostic,retry19_zero_to_boundary_2,120,120,0,3.394506561267737,8.347593201878217,8.545501193762723,8.557370058046114,0.45,1.0,0,1.8970188284246143,0.024345892016872442,0.3816352883207348,1.0132426487402042,3.8001384453632614,0.3891351669639464,0.0,14.824923885965383
control_20260925,targets,diagnostic,off_grid_test,3000,3000,0,2.397562615724178,7.5452176642499245,15.853995259714482,71.83002924154032,0.6813333333333333,0.9716666666666667,0,,,,,,,,
control_20260925,targets,diagnostic,large_star,407,407,0,3.1765034773182745,26.70337199026541,42.21683331625974,55.75985341413295,0.47174447174447176,0.85995085995086,0,1.3027611733198603,-0.07954866854147077,-0.9968982804953832,0.9982342759244676,15.54726447863409,2.9285140429687826,0.0,0.5335107718247504
control_20260925,targets,diagnostic,large_helix,523,523,0,3.0871094351216994,13.386524513050556,37.67519072644819,68.58380786977072,0.4837476099426386,0.8891013384321224,0,-0.253886922390598,-0.40093621580625033,-1.6339901306515903,1.000207018377334,,3.1046782820417516,0.0,11.404713275827257
control_20260925,targets,diagnostic,large_tapered_helix,574,574,0,6.566780339972487,13.568181337501885,14.717860819047369,14.989316241759843,0.03832752613240418,0.7282229965156795,0,-4.576244946458749,-0.2536757615522023,-1.8242401848047427,0.9905755594985683,,0.921767112222013,0.0,3.416509287938214
control_20260925,targets,diagnostic,circle_u100_center25_r5,128,128,0,0.7636473825691522,0.7856373423108904,0.7859724694281767,0.7860089499806554,1.0,1.0,0,-0.6264688909135772,0.3131301099048828,-0.3000177094659662,0.9955740832430076,0.6920897187654207,0.008234646818096623,0.0,0.006972769368936767
control_20260925,targets,diagnostic,circle_u100_center25_r10,128,128,0,0.7641524004026851,0.811828705694203,0.812483666108282,0.8125800425166805,1.0,1.0,0,-0.6218497191111446,0.30624119461303767,-0.30511814623214456,0.9956433180263522,0.7498990971086861,0.016719449314544964,0.0,0.013657817019086747
control_20260925,targets,diagnostic,circle_u100_center25_r20,128,128,0,0.7681971191394967,0.872332096479965,0.8735614618835198,0.8736556640152774,1.0,1.0,0,-0.6046499148146829,0.2785753471552391,-0.32534180131808504,0.9959079599784272,0.846306023906851,0.03451294587607443,0.0,0.026183530183243882
control_20260925,targets,diagnostic,circle_u100_center25_r40,128,128,0,0.7980632004860579,1.004182752521806,1.0092443542404297,1.009781767249699,1.0,1.0,0,-0.5546923467022908,0.16770431974543934,-0.4042130045533807,0.9968014181271448,0.964660008369167,0.07364053831013873,0.0,0.04793170627421073
control_20260925,targets,diagnostic,circle_u100_center350_r5,128,128,0,1.5652157641978153,1.7119130292967364,1.7140118882025202,1.714214902513495,1.0,1.0,0,0.4556057193143542,1.449388057099126,-0.356695745116323,0.9992985926132208,0.6039627004114423,0.009256400429248218,0.0,0.002530728494781868
control_20260925,targets,diagnostic,circle_u100_center350_r10,128,128,0,1.551388684800457,1.8436210299895956,1.8480730459185044,1.8483192161015531,1.0,1.0,0,0.43166854494428375,1.4261633187315883,-0.361055325980546,0.9991703391606184,0.7283816373077401,0.018625285536390083,0.0,0.004974392087965907
control_20260925,targets,diagnostic,circle_u100_center350_r20,128,128,0,1.503607154904282,2.0844837896377966,2.0957596606626034,2.0964063945544202,1.0,1.0,0,0.3360267062815208,1.3326444523516638,-0.37827998271453983,0.9986603268329712,0.9446023870179676,0.03764288006323278,0.0,0.009570088873072953
control_20260925,targets,diagnostic,circle_u100_center350_r40,128,128,0,1.6836037243787092,2.5093808184514512,2.5434575407614832,2.5455114242068704,1.0,1.0,0,-0.04430638232340994,0.9484848826195962,-0.4443898606438488,0.9966121974299529,1.638479097191636,0.07669576730325005,0.0,0.01759934976839318
control_20260925,targets,diagnostic,circle_u150_center25_r5,128,128,0,2.0935916529030023,2.1685355103303197,2.1693591887010846,2.1694671818719566,1.0,1.0,0,-0.5726632649845301,-0.2746202429246531,-1.980583673881103,1.0094456205556976,0.7260083102345716,0.0065940140351184034,0.0,0.005542485068053785
control_20260925,targets,diagnostic,circle_u150_center25_r10,128,128,0,2.090796209802165,2.210261043499619,2.2123009868770325,2.2124166889270906,1.0,1.0,0,-0.558447226322055,-0.2673161725435601,-1.9419903877467295,1.0093338101413247,0.8551955086073204,0.013216644495126112,0.0,0.011119974855603884
control_20260925,targets,diagnostic,circle_u150_center25_r20,128,128,0,2.068023292815586,2.270780561590157,2.282017691575308,2.2831191018995916,1.0,1.0,0,-0.5030793491053263,-0.23716147571183363,-1.793015902392628,1.0088946513103902,1.0517336031868219,0.026568455365677736,0.0,0.022339841227819204
control_20260925,targets,diagnostic,circle_u150_center25_r40,128,128,0,1.541419182833474,2.408790909076167,2.466200247036422,2.4691136874543886,1.0,1.0,0,-0.3035492367459668,-0.10493302180494753,-1.2758846451194987,1.0072717954383186,1.2551686315520616,0.053633213353985486,0.0,0.04473485757752742
control_20260925,targets,diagnostic,circle_u150_center350_r5,128,128,0,1.9492211735213174,1.9910257662514115,1.9916628104971275,1.991682951167602,1.0,1.0,0,0.1543181988261904,0.5976258775297482,-1.8197037969355179,1.016751852084017,0.35907206782029855,0.009454262471767024,0.0,0.003423312156351547
control_20260925,targets,diagnostic,circle_u150_center350_r10,128,128,0,2.0294547918767467,2.0855867505537278,2.088276236363555,2.0883937652610327,1.0,1.0,0,0.15643255098919673,0.5993585107501999,-1.8184603488008186,1.0166974305255758,0.5634438020702404,0.01898749900581232,0.0,0.00673495338781603
control_20260925,targets,diagnostic,circle_u150_center350_r20,128,128,0,2.1820145644716202,2.373364271274336,2.382037315072596,2.382719396653696,1.0,1.0,0,0.16452921259005673,0.6062203053670435,-1.8133388888029152,1.016483122357038,0.9608999166694443,0.038265281051350186,0.0,0.013006667871474458
control_20260925,targets,diagnostic,circle_u150_center350_r40,128,128,0,2.621724193319727,3.1095945617076457,3.130725929261622,3.132959181727435,0.7734375,1.0,0,0.19197495456512065,0.6314952117894745,-1.7902060861048796,1.0156194640507605,1.6549197466273147,0.07751581689047471,0.0,0.024109153707543407
control_20260925,zero,diagnostic,exact_zero,1,1,0,0.0,0.0,0.0,0.0,1.0,1.0,0,,,,,,,,
junction_20260925,on_grid,test,all,8272,8272,0,3.0850340494410977,9.668843716059367,16.364785648100337,83.44484327635463,0.48416344294003866,0.9546663442940039,0,,,,,,,,
junction_20260925,on_grid,test,core,71,71,0,1.77724805581482,4.0245741962545205,6.628696794272622,7.96870583037189,0.8873239436619719,1.0,0,,,,,,,,
junction_20260925,on_grid,test,transition,1139,1139,0,1.704834182116487,5.634317687564244,16.792300973293543,83.44484327635463,0.8208955223880597,0.9789288849868305,0,,,,,,,,
junction_20260925,on_grid,test,tip,100,100,0,2.453788084879556,7.4935098780721345,9.882595318102378,10.749451893472663,0.59,0.99,0,,,,,,,,
junction_20260925,on_grid,test,outer,4187,4187,0,3.5134783430519647,9.664416219718474,15.888139039245461,81.90364546067595,0.37544781466443755,0.9558156197754956,0,,,,,,,,
junction_20260925,on_grid,train,all,58629,58629,0,3.0762091571977335,9.423329257523356,16.220926058322146,140.21229273583128,0.4826451073700728,0.9574442681949206,0,,,,,,,,
junction_20260925,on_grid,train,core,417,417,0,1.6583801538831664,4.176917882698662,7.616605671333413,9.136058872654296,0.8657074340527577,1.0,0,,,,,,,,
junction_20260925,on_grid,train,transition,5726,5726,0,1.7994037009985684,7.666230109408737,25.241262888120552,90.46175120946577,0.779252532308767,0.963849109325882,0,,,,,,,,
junction_20260925,on_grid,train,tip,1182,1182,0,2.739796398191354,7.839618705962485,10.343514288561884,11.361543498781527,0.5549915397631133,0.9873096446700508,0,,,,,,,,
junction_20260925,on_grid,train,outer,35986,35986,0,3.3840946452819676,9.111416792858051,15.456542043230563,140.21229273583128,0.40537986994942476,0.962763296837659,0,,,,,,,,
junction_20260925,on_grid,validation,all,7795,7795,0,3.20146411266901,10.390294158446133,19.131156346109265,110.98405027513911,0.46170622193713917,0.9447081462475946,0,,,,,,,,
junction_20260925,on_grid,validation,core,38,38,0,2.0008741230545755,3.256997595714164,5.4901350153902815,6.729549007180325,0.8947368421052632,1.0,0,,,,,,,,
junction_20260925,on_grid,validation,transition,634,634,0,2.0065946641390755,9.571723968199057,40.771977847451545,91.58634437340382,0.7302839116719243,0.9511041009463722,0,,,,,,,,
junction_20260925,on_grid,validation,tip,109,109,0,4.113847112691467,10.43411100036677,11.197656581897494,11.37698524003824,0.3577981651376147,0.8807339449541285,0,,,,,,,,
junction_20260925,on_grid,validation,outer,4553,4553,0,3.3710262111854306,9.396006519980393,17.1280761860845,93.52582938522357,0.4181858115528223,0.9587085438172633,0,,,,,,,,
junction_20260925,targets,diagnostic,fixed_circle_r40_u100,121,121,0,2.2177744498393452,3.182072826684927,3.2591396320642696,3.2632608495566404,0.9008264462809917,1.0,0,-1.0208561941553507,-0.9027300099082592,-0.11497654591603197,1.00789779435823,2.749832279484554,0.14177850547018592,0.0,0.0
junction_20260925,targets,diagnostic,retry17_rounded_rectangle_0,360,360,0,3.5137693080726295,8.0001176980313,8.989425160817957,9.052806040660418,0.3333333333333333,1.0,0,-1.6634257666000216,0.06081296270778253,1.3184243714640023,1.0041470263283956,3.765635756319027,0.2972716572677872,0.0,0.10062149307898159
junction_20260925,targets,diagnostic,retry17_rounded_rectangle_1,360,360,0,3.7271609717456533,6.26906988084576,8.688578290136588,8.865848251972368,0.2833333333333333,1.0,0,-0.5402779952646005,-0.2548762483416962,2.1155154580881117,1.0063933223719836,3.3760909787397404,0.20134522555210183,0.0,0.05871486742636836
junction_20260925,targets,diagnostic,retry17_rounded_rectangle_2,360,360,0,1.850942973596975,4.656863349269096,4.806235180029183,4.822092482404674,0.7722222222222223,1.0,0,1.156594420932204,0.5722098070919581,-0.18451881026963313,0.9998159128124148,3.6451291074830596,0.15139391771768293,0.0,0.0843929636110313
junction_20260925,targets,diagnostic,retry19_exact_seam_rectangle_0,120,120,0,2.368969837375113,4.399722512911601,4.417977948035351,4.419563241358141,0.625,1.0,0,2.02681538244293,-0.07878518255878447,-0.2655492873669772,0.9876729482958448,,0.1748011894467282,0.0,0.06630704957566066
junction_20260925,targets,diagnostic,retry19_exact_seam_rectangle_1,120,120,0,2.4461379954127533,4.50275930858327,4.624962927475009,4.631205311148226,0.5916666666666667,1.0,0,1.5978523931101478,0.01919175436033548,-0.20783327997960876,1.0038352893660674,,0.1827293315258205,0.0,0.05760368102577191
junction_20260925,targets,diagnostic,retry19_exact_seam_rectangle_2,120,120,0,1.9561478817584992,3.8623375500456194,4.062042935249376,4.074608168767847,0.8333333333333334,1.0,0,0.5735300147637531,0.33579693342114625,-0.2777658259995678,0.997908822056633,2.5218827859217137,0.17488870124546899,0.0,0.17367378134685296
junction_20260925,targets,diagnostic,retry19_seam_between_rectangle_0,120,120,0,2.7289830606854624,3.1767374614566206,3.1931486760954844,3.194597252472647,0.775,1.0,0,2.1305507786539426,-0.05050419222950631,0.11877725189410994,1.0175504468566636,2.6218326616503624,0.18148410266276255,0.0,0.06785878317772293
junction_20260925,targets,diagnostic,retry19_seam_between_rectangle_1,120,120,0,2.442471395661615,3.5976166856750473,3.618441176649725,3.6207696210750915,0.7083333333333334,1.0,0,1.5154506143898183,0.12438126698835486,-0.013253066360791833,1.0240745834085485,3.136221055821712,0.1647433090070613,0.0,0.0470252121053031
junction_20260925,targets,diagnostic,retry19_seam_between_rectangle_2,120,120,0,1.8637124853583362,3.6882188970838583,3.8605292331320884,3.881718342751446,0.8333333333333334,1.0,0,0.684320933413457,0.41161074021955985,-0.15630284425150298,1.0012167440468882,3.0721380628382238,0.12126830116628388,0.0,0.11893920665930954
junction_20260925,targets,diagnostic,retry19_slanted_ellipse,120,120,0,2.498122445286386,3.453682262886556,3.471720476018776,3.4732155958722304,0.7166666666666667,1.0,0,1.6475715881626902,0.03311295243492318,-0.042007034686476145,1.0269762710989725,2.865081570848066,0.17511751258266442,0.0,0.030921973919940227
junction_20260925,targets,diagnostic,retry19_spiral_3d,120,120,0,2.5286247632161016,4.757638836810024,5.046384531640014,5.180619946819112,0.725,1.0,0,1.3351212390596279,0.08714513139629713,-0.3741958713936041,0.9614543908100538,,0.16350021457811897,0.0,5.003272795819366
junction_20260925,targets,diagnostic,retry19_star,120,120,0,2.4983400610488324,3.4674505108726814,3.545974471794392,3.565122486733944,0.6333333333333333,1.0,0,1.7268872961015387,0.20857389977796445,0.038388187941723224,1.0333560374466109,2.9594748188813753,0.20577481667226666,0.0,0.10505770094490488
junction_20260925,targets,diagnostic,retry19_zero_to_boundary_0,120,120,0,2.2811183026213557,7.349867254211803,7.639389034469185,7.662612679354037,0.5916666666666667,1.0,0,0.8618167120941693,-0.07772794038884463,-0.6726553344188992,1.0211187643660167,1.5656979265553057,0.3208434007610655,0.0,12.044093657112459
junction_20260925,targets,diagnostic,retry19_zero_to_boundary_1,120,120,0,3.937107128354924,11.308295045541948,11.632328273603228,11.665354389282744,0.325,0.8833333333333333,0,1.7845023146330963,0.15138813567310738,-0.3439963109161324,1.0240447019760361,2.463625598061987,0.4645189242967458,0.0,11.307601046173831
junction_20260925,targets,diagnostic,retry19_zero_to_boundary_2,120,120,0,4.064291503160426,11.26752905025443,11.635204037358317,11.67148837046982,0.35833333333333334,0.8916666666666667,0,1.3409178546232619,0.5734872463130154,-0.1980214276128991,1.0240285494449899,3.3220233913824764,0.5036013734492645,0.0,11.961276616727085
junction_20260925,targets,diagnostic,off_grid_test,3000,3000,0,2.21740131170225,7.787905043736418,15.397148956871277,91.28444466507898,0.6853333333333333,0.9736666666666667,0,,,,,,,,
junction_20260925,targets,diagnostic,large_star,407,407,0,2.7609895650977894,11.03442407259934,18.061227344716496,22.9603251704406,0.5552825552825553,0.9312039312039312,0,-0.5687426633275611,0.003266988672724125,0.3933565183618986,0.9970767651685798,6.290090395431136,1.312885728768334,0.0,0.4401920316289818
junction_20260925,targets,diagnostic,large_helix,523,523,0,3.0142395857842157,13.322758312665236,15.82745835349041,17.959057850190643,0.49521988527724664,0.8852772466539197,0,-0.9445210733259393,-0.5219349242624886,-0.9813425443649036,0.9991739773356397,,4.273594295276795,0.0,9.903753752590125
junction_20260925,targets,diagnostic,large_tapered_helix,574,574,0,6.916292343530019,13.765940988104356,15.114515207574085,18.156025205298643,0.013937282229965157,0.6585365853658537,0,-5.320791751848981,-0.6051387700058296,-1.4326246454032818,0.9898248536872125,,1.680989596019474,0.0,3.618166567758021
junction_20260925,targets,diagnostic,circle_u100_center25_r5,128,128,0,2.9894421128427426,3.0770411541800966,3.0785967075707923,3.078782861195587,0.53125,1.0,0,-2.699509538790803,-0.643138061050344,-1.050263031485558,0.9990221341715135,2.754897187985894,0.010305047910256738,0.0,0.005500009829152767
junction_20260925,targets,diagnostic,circle_u100_center25_r10,128,128,0,2.9544352505247558,3.1189217147358543,3.125575802181587,3.126130581469655,0.7421875,1.0,0,-2.620662510556645,-0.6375612666645166,-1.014964470574843,0.9993973717430799,2.7703766661011153,0.021475822297812593,0.0,0.010409208295099432
junction_20260925,targets,diagnostic,circle_u100_center25_r20,128,128,0,2.5789086513609463,3.1747371240334408,3.2001099280552547,3.202451307239264,0.8515625,1.0,0,-2.329410422788964,-0.6243960940050968,-0.8787094963438302,1.0007539192734993,2.7824143734731632,0.04731314726750145,0.0,0.019154838640477633
junction_20260925,targets,diagnostic,circle_u100_center25_r40,128,128,0,1.7943780428184453,3.2202017471274424,3.3049978888600187,3.3128280023167136,0.8984375,1.0,0,-1.5221396675144798,-0.648179714350657,-0.4604688086206845,1.0038339467865292,2.743129466898508,0.11286759537399134,0.0,0.03661322904585335
junction_20260925,targets,diagnostic,circle_u100_center350_r5,128,128,0,1.4425465167659772,1.50586964640404,1.5068803482844688,1.5069497673310353,1.0,1.0,0,-0.4034724442454757,0.9684594051831705,-0.9830189072412133,0.9967768518849828,0.5789425627700906,0.008805607944027377,0.0,0.0021423048414303666
junction_20260925,targets,diagnostic,circle_u100_center350_r10,128,128,0,1.4422657111866684,1.5726210808861845,1.574729110907453,1.57491345611625,1.0,1.0,0,-0.42089117145752664,0.9524607845619723,-0.9698016213849345,0.9966425321797544,0.7821087538341542,0.01773394584970342,0.0,0.00417095106620349
junction_20260925,targets,diagnostic,circle_u100_center350_r20,128,128,0,1.4592656198536327,1.6993083047326136,1.703705444736158,1.7038682991145584,1.0,1.0,0,-0.49044613974318085,0.8872116647529564,-0.9170445648338453,0.9960977726124631,1.2590543747713512,0.03590758512722641,0.0,0.007900234353030451
junction_20260925,targets,diagnostic,circle_u100_center350_r40,128,128,0,1.7301700384378425,2.5830453070593697,2.6256584061108326,2.6294317237261593,1.0,1.0,0,-0.7664967883080319,0.6066068352786834,-0.7092422279329216,0.993922386077807,2.5142019093036927,0.07348173641193594,0.0,0.015042050903925035
junction_20260925,targets,diagnostic,circle_u150_center25_r5,128,128,0,2.5460868386497695,2.907676557955808,2.9132891170984268,2.913722139072758,1.0,1.0,0,1.702800964939596,1.1307295390015648,-1.4926824122210756,1.0119584168395364,2.348491035107214,0.008396010037238175,0.0,0.005818467399204612
junction_20260925,targets,diagnostic,circle_u150_center25_r10,128,128,0,2.539228197878394,3.357723019419903,3.371601073222994,3.372465843753767,0.7109375,1.0,0,1.7521772937573559,1.115439947846187,-1.3627837064401627,1.0116904855805133,3.0180390021453563,0.017187317272690836,0.0,0.011605558616909479
junction_20260925,targets,diagnostic,circle_u150_center25_r20,128,128,0,2.4862809336258884,4.197458779000134,4.22023423406483,4.2217556916904595,0.6171875,1.0,0,1.8796169230807755,1.0558299048458106,-0.9328643508646954,1.0106692613894128,4.004364613078814,0.03459149305152958,0.0,0.022964163206640683
junction_20260925,targets,diagnostic,circle_u150_center25_r40,128,128,0,2.2563383474061007,4.328805549807869,4.510862659098817,4.525785741424817,0.6953125,1.0,0,1.7137801789372382,0.845879073686796,-0.1317507942929272,1.0079492673395762,4.107623073980471,0.06627023058716607,0.0,0.04441095720048072
junction_20260925,targets,diagnostic,circle_u150_center350_r5,128,128,0,1.7359889213198096,1.78973057437858,1.7902267528052735,1.7902673871606674,1.0,1.0,0,0.6071875640262671,-1.1924886093535305,-1.0936312256065313,1.001531460593799,0.6941256344069391,0.007880757641725336,0.0,0.002942450830526782
junction_20260925,targets,diagnostic,circle_u150_center350_r10,128,128,0,1.7382015177107406,1.8332946255803113,1.8346340796318865,1.8346824070611036,1.0,1.0,0,0.6045103654157384,-1.1711341871994299,-1.0849108004967971,1.0015527436522398,0.7735939081296217,0.015837928024790192,0.0,0.0057437355247311524
junction_20260925,targets,diagnostic,circle_u150_center350_r20,128,128,0,1.7461679992280459,1.9006063761052712,1.9043972601691397,1.9046495681017062,1.0,1.0,0,0.5935453524531457,-1.086960143113358,-1.050454052006832,1.0016429827353086,0.9073337369399748,0.03203444098100605,0.0,0.010933852200721036
junction_20260925,targets,diagnostic,circle_u150_center350_r40,128,128,0,1.66469000845867,1.995427422881326,2.0059109423252086,2.006920182054174,1.0,1.0,0,0.5452207019560028,-0.7706527747989842,-0.9187429692493769,1.0019522234127705,1.0617338649722252,0.0654818773465585,0.0,0.019684204981580068
junction_20260925,zero,diagnostic,exact_zero,1,1,0,0.0,0.0,0.0,0.0,1.0,1.0,0,,,,,,,,
task_only_20260925,on_grid,test,all,8272,8272,0,2.860073790526875,10.13819106764754,19.726517083312277,132.38859211710164,0.534453578336557,0.9486218568665378,0,,,,,,,,
task_only_20260925,on_grid,test,core,71,71,0,0.6666276091483428,1.63273382288245,3.1501232993430306,4.048950025105053,0.9859154929577465,1.0,0,,,,,,,,
task_only_20260925,on_grid,test,transition,1139,1139,0,1.8298592500109965,5.524159777608385,10.857368433518758,26.173736085895953,0.8226514486391572,0.9877085162423178,0,,,,,,,,
task_only_20260925,on_grid,test,tip,100,100,0,3.5061275764627724,6.02014829342894,6.912659503812147,7.140071032751831,0.42,1.0,0,,,,,,,,
task_only_20260925,on_grid,test,outer,4187,4187,0,3.2496557651578857,10.163559855696095,21.51930647444141,132.38859211710164,0.4447098160974445,0.9484117506567948,0,,,,,,,,
task_only_20260925,on_grid,train,all,58629,58629,0,2.993214507038056,9.42099322408149,19.35455636256346,150.78621636958007,0.5015265482952123,0.9567108427569974,0,,,,,,,,
task_only_20260925,on_grid,train,core,417,417,0,0.7994925642692035,2.052535504779255,3.464708719849301,4.4590460863740065,0.9808153477218226,1.0,0,,,,,,,,
task_only_20260925,on_grid,train,transition,5726,5726,0,1.7503785718949825,4.5602453542729915,9.731149068637668,29.290165076736624,0.8606356968215159,0.9900454069158225,0,,,,,,,,
task_only_20260925,on_grid,train,tip,1182,1182,0,2.6565461859124295,6.97456758382452,8.005079557456956,8.386127603387903,0.544839255499154,1.0,0,,,,,,,,
task_only_20260925,on_grid,train,outer,35986,35986,0,3.38068948802539,9.270421345785321,18.99274138942732,150.78621636958007,0.4122992274773523,0.9590118379369755,0,,,,,,,,
task_only_20260925,on_grid,validation,all,7795,7795,0,3.0950927329227333,10.579567278942326,21.73816220957343,99.9575560215657,0.4814624759461193,0.9426555484284798,0,,,,,,,,
task_only_20260925,on_grid,validation,core,38,38,0,0.5933113183434227,1.2638717605385088,2.1191045118980583,2.4688795582629277,1.0,1.0,0,,,,,,,,
task_only_20260925,on_grid,validation,transition,634,634,0,1.7380126776313354,4.426520695275393,7.243757451592311,26.975352793871167,0.8296529968454258,0.9936908517350158,0,,,,,,,,
task_only_20260925,on_grid,validation,tip,109,109,0,3.37363293334001,7.98468918967983,8.290036708929666,8.341490886080416,0.44954128440366975,1.0,0,,,,,,,,
task_only_20260925,on_grid,validation,outer,4553,4553,0,3.379541567235238,10.32956197555785,19.472382741663647,99.9575560215657,0.4045684164287283,0.9457500549088513,0,,,,,,,,
task_only_20260925,targets,diagnostic,fixed_circle_r40_u100,121,121,0,0.35858162363299534,0.5617409428345729,0.5701451376233068,0.5708549680732476,1.0,1.0,0,0.10951053975496707,-0.13922646123014626,0.21408775832559884,0.9978366821914928,0.4412994857838637,0.0699300380435293,0.0,0.0
task_only_20260925,targets,diagnostic,retry17_rounded_rectangle_0,360,360,0,3.494322498142711,6.050545279059065,6.558270264772177,6.589398138265259,0.43333333333333335,1.0,0,-1.2342466984353149,0.8124051399022411,1.942742893214534,1.0034094689573092,2.646348892180092,0.1403945383896121,0.0,0.10440584476599178
task_only_20260925,targets,diagnostic,retry17_rounded_rectangle_1,360,360,0,2.834072828987254,4.680398231592876,4.802553438143362,4.809476593463203,0.6,1.0,0,-0.37930525966297707,0.8876977932977818,1.1411188895712168,1.0035081271808854,3.1303105421816424,0.12233210312951337,0.0,0.05039142814906157
task_only_20260925,targets,diagnostic,retry17_rounded_rectangle_2,360,360,0,2.809696881180786,4.783093664749679,5.031378510181061,5.0454201951501165,0.6305555555555555,1.0,0,1.6864027128921233,0.4041450298043355,-0.3267047554990765,0.9985773658157164,3.207512128744651,0.1410647507019196,0.0,0.06254276156933739
task_only_20260925,targets,diagnostic,retry19_exact_seam_rectangle_0,120,120,0,0.6223019653103135,2.644601066795109,2.7207766741195525,2.7260777892277286,1.0,1.0,0,-0.25129839865501247,-0.22024417349010525,-0.7284163861044607,1.004542282565262,,0.15296635533066683,0.0,0.055169572360308616
task_only_20260925,targets,diagnostic,retry19_exact_seam_rectangle_1,120,120,0,0.6315029051991616,2.632371307867759,2.6972283597797455,2.700467418612793,1.0,1.0,0,-0.263227788933688,-0.21256344837221652,-0.6583034829963541,1.0000634350810096,,0.14795128893258494,0.0,0.03917860540942783
task_only_20260925,targets,diagnostic,retry19_exact_seam_rectangle_2,120,120,0,0.6377256017189034,1.6892525787972592,1.711481736791633,1.7131218967191677,1.0,1.0,0,-0.13492858457466728,-0.0649068673658588,-0.24574937813121994,0.9994969014837548,1.6369378578564682,0.12166445213814463,0.0,0.12027365486840079
task_only_20260925,targets,diagnostic,retry19_seam_between_rectangle_0,120,120,0,0.6458027438824436,2.385255210190328,2.442731746906826,2.4475238487872524,1.0,1.0,0,-0.3102428339310478,-0.07313029929491023,-0.6988665239544108,1.0052576138012173,1.4012209440601255,0.13878090619819658,0.0,0.05584191910673175
task_only_20260925,targets,diagnostic,retry19_seam_between_rectangle_1,120,120,0,0.6812519187593227,2.367748293388807,2.454783363278481,2.4664637873811013,1.0,1.0,0,-0.31651782252458127,-0.05249916881389233,-0.5558750400452762,0.9975326146799173,2.1868798796524436,0.11925851800300764,0.0,0.04156981194916698
task_only_20260925,targets,diagnostic,retry19_seam_between_rectangle_2,120,120,0,0.6328001956711166,1.451344152342095,1.471488886882644,1.4729109103438855,1.0,1.0,0,-0.1811661173631481,0.006565695224686272,-0.20755173389950654,0.9966845920077645,1.4175297118909538,0.08372702016695506,0.0,0.08320707201638783
task_only_20260925,targets,diagnostic,retry19_slanted_ellipse,120,120,0,0.6215891934982747,2.3038612791241193,2.3311004050726987,2.333207486446842,1.0,1.0,0,-0.33172160872157835,-0.07692286740729452,-0.6178914635870397,1.000482608170962,1.9396850345987733,0.135388863501639,0.0,0.02739951729891771
task_only_20260925,targets,diagnostic,retry19_spiral_3d,120,120,0,0.5168356949992141,2.655857432050143,2.6996895969418477,2.702848117745698,1.0,1.0,0,-0.1773971006706454,-0.2612082106299202,-0.49495456686294886,1.0013738478767464,,0.10942219182454302,0.0,6.187080755879153
task_only_20260925,targets,diagnostic,retry19_star,120,120,0,0.6399287609287406,1.8729660995231951,2.0749767440452254,2.1206767599344065,1.0,1.0,0,-0.3492976610639076,0.04229946603096511,-0.503447978523197,0.9966772530131819,1.5358761935896907,0.148776034274864,0.0,0.0675488633441336
task_only_20260925,targets,diagnostic,retry19_zero_to_boundary_0,120,120,0,2.0921994078095407,7.449901090562915,7.734217617489984,7.766077661216835,0.775,1.0,0,1.681891214596972,0.28642058532179,-0.5065978813547438,1.0149006614468108,1.1997823463847457,0.36670829418506246,0.0,12.142198042260917
task_only_20260925,targets,diagnostic,retry19_zero_to_boundary_1,120,120,0,2.0767150247340087,7.816068569189779,8.14193253792821,8.155981841380484,0.6416666666666667,1.0,0,1.3534215168821009,-0.22541118536732388,0.33500111357593315,1.0121382831699195,1.2246951985163836,0.3699107190908728,0.0,14.524185534167845
task_only_20260925,targets,diagnostic,retry19_zero_to_boundary_2,120,120,0,2.433952075031577,7.8957357262407575,8.19835002306075,8.221873599194536,0.6166666666666667,1.0,0,1.074904210100669,-0.020556774910192584,0.5175542543188392,1.0121001051078002,1.8039491102758878,0.3923561080857099,0.0,14.79236949683381
task_only_20260925,targets,diagnostic,off_grid_test,3000,3000,0,2.191827686717917,7.523255703371873,13.15138029440827,61.563469363627846,0.7026666666666667,0.9753333333333334,0,,,,,,,,
task_only_20260925,targets,diagnostic,large_star,407,407,0,2.7745836495936977,19.221266423006895,37.56957393254634,41.91027624032639,0.5503685503685504,0.8722358722358723,0,0.9689562234475262,-0.11182762591872106,-0.3642023575080551,0.9985302656504623,13.151965852361641,2.279257177921704,0.0,0.5554117733983962
task_only_20260925,targets,diagnostic,large_helix,523,523,0,3.3257277805216745,12.375712127299018,49.677286226544105,70.9195536266481,0.44933078393881454,0.8776290630975143,0,-0.1718087164092437,-0.5096484488240112,-1.5226815035617436,1.000237322238437,,2.345303079483317,0.0,11.270925451355751
task_only_20260925,targets,diagnostic,large_tapered_helix,574,574,0,6.016234740258558,12.48890327757684,13.72076003798289,13.883684118381845,0.05400696864111498,0.7700348432055749,0,-4.594607473413892,-0.5823328213285821,-1.0815764658015814,0.9908825109708865,,0.7527991177698873,0.0,3.5471671782225616
task_only_20260925,targets,diagnostic,circle_u100_center25_r5,128,128,0,0.42084034076595334,0.4350104577085202,0.43524219150652654,0.4352868107705181,1.0,1.0,0,0.07146726978605848,-0.07383658186256253,0.4056668846888252,0.998092739577959,0.11476183672327611,0.007076929753779462,0.0,0.0065825948125997884
task_only_20260925,targets,diagnostic,circle_u100_center25_r10,128,128,0,0.41943271957611183,0.4465797907057253,0.4471220797647966,0.4471455641640602,1.0,1.0,0,0.06644750408169725,-0.0786865251530543,0.39685974235638694,0.9980856191612885,0.15423163621534064,0.0143156496135236,0.0,0.01298418961219424
task_only_20260925,targets,diagnostic,circle_u100_center25_r20,128,128,0,0.4115499815654863,0.47729565757667974,0.4796502972278854,0.47987150059988626,1.0,1.0,0,0.046394434877050986,-0.09785506108214072,0.3620045619523229,0.9980580566940432,0.22529515594413851,0.02928144785866779,0.0,0.025221327283918335
task_only_20260925,targets,diagnostic,circle_u100_center25_r40,128,128,0,0.3743682818466975,0.589083895471222,0.5975617677609103,0.5981007167823469,1.0,1.0,0,-0.03347985839981596,-0.17067047976230723,0.22841624568297272,0.9979386066685587,0.3345961283294341,0.061112690711865966,0.0,0.047422430294221656
task_only_20260925,targets,diagnostic,circle_u100_center350_r5,128,128,0,0.9215297492265712,1.0248911084104604,1.0264803070155137,1.026602008565093,1.0,1.0,0,0.22494894304820115,0.8950707944177004,-0.03442032291680646,1.005050709601487,0.315686856769537,0.01019917997812154,0.0,0.0027926935968889633
task_only_20260925,targets,diagnostic,circle_u100_center350_r10,128,128,0,0.8905536871666353,1.1215571258851225,1.1255564379772263,1.1259027126398613,1.0,1.0,0,0.2039857323266978,0.875316021657266,-0.03821368228414165,1.0049107025907054,0.3906409447389403,0.020473065150290095,0.0,0.005512496268729197
task_only_20260925,targets,diagnostic,circle_u100_center350_r20,128,128,0,0.7748011537184206,1.322575082859051,1.3335870158363774,1.334681723457407,1.0,1.0,0,0.11987899255853571,0.7956067251721866,-0.05299627237610492,1.0043498839043026,0.5300467555518495,0.041279102022618315,0.0,0.010779505933734616
task_only_20260925,targets,diagnostic,circle_u100_center350_r40,128,128,0,1.1621324609046755,1.7306535747494851,1.7668083646750017,1.7686635067228178,1.0,1.0,0,-0.22040308383591833,0.4649396566583823,-0.10671128874500863,1.0021100419729054,1.4448932471487819,0.08408688575885011,0.0,0.020516047317293572
task_only_20260925,targets,diagnostic,circle_u150_center25_r5,128,128,0,1.7823910498164262,1.8288001591707679,1.8293825079128232,1.8294939126368177,1.0,1.0,0,-1.0272902957576773,-0.4337998742073927,-1.3826886983196567,1.002128410572386,1.066531611989996,0.005601395449645144,0.0,0.005115384801516425
task_only_20260925,targets,diagnostic,circle_u150_center25_r10,128,128,0,1.768047952598942,1.8485175793616246,1.8501869003868692,1.850269977126823,1.0,1.0,0,-1.0060479970916552,-0.42398461826107503,-1.3595861119892532,1.002146784275844,1.0895377049491062,0.011227763778443148,0.0,0.010252540831012265
task_only_20260925,targets,diagnostic,circle_u150_center25_r20,128,128,0,1.6939000736511352,1.8475501887747803,1.8533695545106794,1.8538875955536882,1.0,1.0,0,-0.9226041799514865,-0.3855605689439371,-1.2687694923811734,1.0022160803785987,1.1092451244557822,0.022531726854814253,0.0,0.020596221998761887
task_only_20260925,targets,diagnostic,circle_u150_center25_r40,128,128,0,1.254151390985144,1.7184115975194665,1.7386158449054936,1.7402294854214195,1.0,1.0,0,-0.61259494240558,-0.24448847796912007,-0.9296919716073391,1.002460843560269,1.048807348650005,0.045334526842313386,0.0,0.041336945187151856
task_only_20260925,targets,diagnostic,circle_u150_center350_r5,128,128,0,1.3252110137002406,1.4077022957356151,1.4088377658032878,1.4090524254718217,1.0,1.0,0,-0.2573932745560982,0.31685822965298166,-1.2514953289718884,1.0077671345658374,0.36559618896149226,0.008700380342126867,0.0,0.00361722549575644
task_only_20260925,targets,diagnostic,circle_u150_center350_r10,128,128,0,1.3473798917652056,1.5090210430500006,1.5119843282883585,1.5121714438261604,1.0,1.0,0,-0.24930669466257,0.3199502958304854,-1.2482615243516013,1.0077544482882874,0.4625472971109601,0.017538645128123368,0.0,0.0071530756908545256
task_only_20260925,targets,diagnostic,circle_u150_center350_r20,128,128,0,1.4397947430116345,1.7324860254310752,1.7398958826882571,1.7403256947511387,1.0,1.0,0,-0.21747633773177255,0.3319489452470121,-1.2353273730895602,1.0077052513047702,0.6270644012508209,0.035618582747970244,0.0,0.013975154011227887
task_only_20260925,targets,diagnostic,circle_u150_center350_r40,128,128,0,1.712092352640247,2.1613056376969575,2.180256908272346,2.1814182906256407,1.0,1.0,0,-0.09872023407166662,0.3745687257901893,-1.183243292013044,1.0074762625053657,0.8220167771677445,0.07329305243611432,0.0,0.02660161246564271
task_only_20260925,zero,diagnostic,exact_zero,1,1,0,0.0,0.0,0.0,0.0,1.0,1.0,0,,,,,,,,
junction_task_only_20260925,on_grid,test,all,8272,8272,0,3.0372281880630005,9.54942853834847,16.060360144441344,83.91374231460718,0.4920212765957447,0.9550290135396519,0,,,,,,,,
junction_task_only_20260925,on_grid,test,core,71,71,0,1.6016428747324198,3.869268673772737,5.400136791741396,6.590772043646234,0.8873239436619719,1.0,0,,,,,,,,
junction_task_only_20260925,on_grid,test,transition,1139,1139,0,1.6182369456404895,4.9356906530973745,14.78596795472637,83.91374231460718,0.8446005267778753,0.9815627743634767,0,,,,,,,,
junction_task_only_20260925,on_grid,test,tip,100,100,0,2.786272635677774,7.698847157641625,10.425237756274102,11.038499215852525,0.57,0.98,0,,,,,,,,
junction_task_only_20260925,on_grid,test,outer,4187,4187,0,3.516912724544255,9.662693250748545,16.060192268021094,70.65615225555146,0.38070217339383805,0.9541437783615954,0,,,,,,,,
junction_task_only_20260925,on_grid,train,all,58629,58629,0,3.030198688671001,9.274820763113704,16.451847629375713,145.68923087463367,0.4939023350219175,0.958041242388579,0,,,,,,,,
junction_task_only_20260925,on_grid,train,core,417,417,0,1.6382960303795777,3.8228948181986255,7.258766098356019,8.74231251317967,0.8896882494004796,1.0,0,,,,,,,,
junction_task_only_20260925,on_grid,train,transition,5726,5726,0,1.765245412496162,7.030560335865886,24.053578504185168,90.98532852319693,0.8068459657701712,0.9645476772616137,0,,,,,,,,
junction_task_only_20260925,on_grid,train,tip,1182,1182,0,2.727885443378316,7.704080773545328,10.282407088088243,11.198528317151434,0.5490693739424704,0.9873096446700508,0,,,,,,,,
junction_task_only_20260925,on_grid,train,outer,35986,35986,0,3.360120973107068,8.908139443800447,15.857823899752349,145.68923087463367,0.4166620352359251,0.9633190685266493,0,,,,,,,,
junction_task_only_20260925,on_grid,validation,all,7795,7795,0,3.1957178707105007,10.307059435017283,19.33332512177828,108.5613746758129,0.4577293136626042,0.9441949967928159,0,,,,,,,,
junction_task_only_20260925,on_grid,validation,core,38,38,0,1.807184968859045,3.1605743312312073,6.18672321301774,7.904712063606949,0.9210526315789473,1.0,0,,,,,,,,
junction_task_only_20260925,on_grid,validation,transition,634,634,0,1.9676240543762744,9.304192735595288,40.46103533388839,85.5511789311609,0.7681388012618297,0.9526813880126183,0,,,,,,,,
junction_task_only_20260925,on_grid,validation,tip,109,109,0,3.8807057268086207,10.25419555735998,11.12372521664801,11.253542415503297,0.3577981651376147,0.8990825688073395,0,,,,,,,,
junction_task_only_20260925,on_grid,validation,outer,4553,4553,0,3.4186830820370067,9.382586958581008,17.561539288211176,85.1639043196502,0.41115747858554796,0.9580496376015813,0,,,,,,,,
junction_task_only_20260925,targets,diagnostic,fixed_circle_r40_u100,121,121,0,2.006113542606377,2.582050898872095,2.630255179545361,2.6328050867007615,1.0,1.0,0,-1.0349240644662712,-0.8840780129336555,0.014550946135234595,1.0088869955694268,2.3539581857783265,0.12006362655142289,0.0,0.0
junction_task_only_20260925,targets,diagnostic,retry17_rounded_rectangle_0,360,360,0,3.310659596483997,7.721178557064303,8.645136035930486,8.70923220159726,0.39166666666666666,1.0,0,-1.6159393797973323,0.2316037128406022,1.3089755221455224,1.0043658176954553,3.603423453792106,0.22528877385269885,0.0,0.1035290192312914
junction_task_only_20260925,targets,diagnostic,retry17_rounded_rectangle_1,360,360,0,3.5599346507044274,6.495902876371376,8.791488684165996,8.948405882075559,0.2388888888888889,1.0,0,-0.4997516627775521,-0.2916193438550867,2.047026154530608,1.0063161280048245,3.2086860768105487,0.15588519398378944,0.0,0.05332840949216706
junction_task_only_20260925,targets,diagnostic,retry17_rounded_rectangle_2,360,360,0,1.81130508210346,4.717259708543047,4.78659333412988,4.794849160636263,0.7638888888888888,1.0,0,1.3926335665180185,0.458351029851893,-0.14212590098835357,0.9988921004474879,3.5991841254473216,0.13198572174768014,0.0,0.07948120382414588
junction_task_only_20260925,targets,diagnostic,retry19_exact_seam_rectangle_0,120,120,0,2.42252695368924,3.8313313486457927,3.8725850696270747,3.8745968297127416,0.7,1.0,0,1.809142949281569,-0.4747025748309064,-0.23019572741952732,0.9842517129593433,,0.1732059133887071,0.0,0.06091674966005122
junction_task_only_20260925,targets,diagnostic,retry19_exact_seam_rectangle_1,120,120,0,2.2187056094628907,3.7620611837394518,3.8864897839081305,3.8983935662547253,0.6333333333333333,1.0,0,1.4201035555619264,-0.34315895906630345,-0.2299720522429585,1.0001835946184547,,0.1773710481219455,0.0,0.04553644430965188
junction_task_only_20260925,targets,diagnostic,retry19_exact_seam_rectangle_2,120,120,0,1.6687004400637446,3.3706186135622342,3.515778831856726,3.5312812793033377,0.9083333333333333,1.0,0,0.6459195061161197,0.08494466359348729,-0.2273070499422014,0.996689133222432,2.25053567435257,0.18616192847057503,0.0,0.1839950509563885
junction_task_only_20260925,targets,diagnostic,retry19_seam_between_rectangle_0,120,120,0,2.649260096980453,2.826300148641098,2.8330237792604214,2.835634480406509,1.0,1.0,0,1.9492521419893143,-0.41791342118930896,0.08092218188682701,1.0118239073340545,2.3948443031602222,0.17029753346275103,0.0,0.06282962951447792
junction_task_only_20260925,targets,diagnostic,retry19_seam_between_rectangle_1,120,120,0,2.255700442917222,3.375891236648622,3.4056028332584383,3.4090797980806173,0.8083333333333333,1.0,0,1.427568719409452,-0.20344958565222152,-0.03996553077571722,1.0191272255882682,2.6470979749538524,0.15390678700201293,0.0,0.04461116712052672
junction_task_only_20260925,targets,diagnostic,retry19_seam_between_rectangle_2,120,120,0,1.5942262016985542,3.285230787376344,3.43808019606365,3.4537531500801086,0.8666666666666667,1.0,0,0.7970144155485914,0.1565496858976409,-0.11482990524061007,0.9994333650044673,2.8047572385331634,0.13000838198296147,0.0,0.12751322850179117
junction_task_only_20260925,targets,diagnostic,retry19_slanted_ellipse,120,120,0,2.2545810414501193,3.2873035574994707,3.3199894796501748,3.3235113862972048,0.8333333333333334,1.0,0,1.5240527024010593,-0.29827871189415756,-0.06625911972253135,1.0209493076670937,2.298819786387214,0.17175236375596376,0.0,0.02955166721770642
junction_task_only_20260925,targets,diagnostic,retry19_spiral_3d,120,120,0,2.2782773862400862,4.01796837382043,4.400972273114362,4.539884968550173,0.7666666666666667,1.0,0,1.1969821445747006,-0.2994400892472796,-0.3075036827031842,0.9666268435877095,,0.14932501072940377,0.0,5.480087021117487
junction_task_only_20260925,targets,diagnostic,retry19_star,120,120,0,2.215683130555462,3.246110137497633,3.313888904730202,3.3182927032423173,0.7416666666666667,1.0,0,1.7190599672179767,-0.11522419445210243,0.0692813486304112,1.0254916187649863,2.2904716357174117,0.19383095024803,0.0,0.09592659179824409
junction_task_only_20260925,targets,diagnostic,retry19_zero_to_boundary_0,120,120,0,1.3886696367250737,7.43283792940645,7.7433368724590785,7.765363545155851,0.7583333333333333,1.0,0,0.9353743425499531,-0.039169369196645695,-0.4402171113249011,1.0174552302312998,1.3571935077269965,0.3314214558595138,0.0,12.73002119770514
junction_task_only_20260925,targets,diagnostic,retry19_zero_to_boundary_1,120,120,0,4.0942102507688745,11.180661312466059,11.56192274464337,11.578382179833783,0.275,0.8833333333333333,0,1.623558143063301,0.05170083740498735,-0.301273517426515,1.0224148286806019,2.4642129699801596,0.4586686538292183,0.0,12.065029711244467
junction_task_only_20260925,targets,diagnostic,retry19_zero_to_boundary_2,120,120,0,3.9759457565697796,11.12686493070599,11.545605966620597,11.565730648457274,0.325,0.8916666666666667,0,1.2652027738037308,0.38830766120772686,-0.18044042948124864,1.0228574039571272,3.0198556849482943,0.5004245884332681,0.0,12.679432547843794
junction_task_only_20260925,targets,diagnostic,off_grid_test,3000,3000,0,2.1832517235105255,7.829137148688428,14.858347562747745,89.2135020272167,0.688,0.974,0,,,,,,,,
junction_task_only_20260925,targets,diagnostic,large_star,407,407,0,2.7562943995359355,11.475419027667563,18.489974091555084,23.245732619456632,0.5626535626535627,0.9238329238329238,0,-0.6504743874041548,-0.027263042488194552,0.6512208287075839,0.9971228648883123,6.342213739456266,1.349294052139087,0.0,0.4465667325587193
junction_task_only_20260925,targets,diagnostic,large_helix,523,523,0,3.0616096393581187,13.378103268531452,16.058658774167604,18.647149732143625,0.4837476099426386,0.8738049713193117,0,-0.9698231342793605,-0.3478709825773796,-0.8373982071571111,0.9987231165571381,,4.363338712102531,0.0,10.948404238912866
junction_task_only_20260925,targets,diagnostic,large_tapered_helix,574,574,0,7.158259276549799,14.222879366421168,15.499311492649564,18.02448992980279,0.07491289198606271,0.686411149825784,0,-5.235193832612151,-0.45335935617223033,-1.371866827033551,0.9901675128891829,,1.6715628677477987,0.0,3.501459338853425
junction_task_only_20260925,targets,diagnostic,circle_u100_center25_r5,128,128,0,2.4945316270716207,2.537117300832417,2.538536776296114,2.538595044153244,1.0,1.0,0,-2.3343003585372215,-0.4944803473856988,-0.6864444372277184,1.000349837571235,2.367551388329947,0.008890771865240973,0.0,0.00530577632463053
junction_task_only_20260925,targets,diagnostic,circle_u100_center25_r10,128,128,0,2.4202117268281595,2.556713823566203,2.5617388747898815,2.562196788330221,1.0,1.0,0,-2.267278974405783,-0.49967387914321393,-0.6603020148528153,1.0007084316847175,2.372737837894179,0.018697642852909906,0.0,0.010045073834973127
junction_task_only_20260925,targets,diagnostic,circle_u100_center25_r20,128,128,0,2.1595324013712864,2.5832115794691646,2.6016292526780616,2.60315587467695,1.0,1.0,0,-2.0226063257584825,-0.5238607221917523,-0.5618737493068942,1.001959865333215,2.3707056025282003,0.041525842606385026,0.0,0.01833852431295533
junction_task_only_20260925,targets,diagnostic,circle_u100_center25_r40,128,128,0,1.5670853022617464,2.6002714468667123,2.6628071069756714,2.66659920509206,1.0,1.0,0,-1.3643680428411815,-0.6325757285634807,-0.2788109877322932,1.0044748750690116,2.3287161045032923,0.0984140613165981,0.0,0.03538432860377996
junction_task_only_20260925,targets,diagnostic,circle_u100_center350_r5,128,128,0,1.2068156159361916,1.2597320740722446,1.2605345241091774,1.2606333815833506,1.0,1.0,0,-0.6339976701846255,0.5034068922825249,-0.8922852772564234,0.9942450189331086,0.776459931432516,0.008867293089969053,0.0,0.0024737691193743253
junction_task_only_20260925,targets,diagnostic,circle_u100_center350_r10,128,128,0,1.2062696401613655,1.3210959666859492,1.3228809566879134,1.3229958760677065,1.0,1.0,0,-0.6505445432469902,0.4886279173803147,-0.880358263540996,0.9941334292854143,0.9455878416599117,0.017763187597087535,0.0,0.004844084885206758
junction_task_only_20260925,targets,diagnostic,circle_u100_center350_r20,128,128,0,1.3190803236541182,1.4383102156662995,1.4418814450086361,1.4421778938980974,1.0,1.0,0,-0.7167997799194612,0.4283500714172134,-0.8328938139822596,0.993690377273464,1.3532238904885308,0.0357419530398536,0.0,0.009299582699450037
junction_task_only_20260925,targets,diagnostic,circle_u100_center350_r40,128,128,0,1.5115146619306308,2.78552991266612,2.8320744821819615,2.8359806471673603,1.0,1.0,0,-0.9834303391997294,0.16961347058431445,-0.6462512062457829,0.9919064975285106,2.489434485551456,0.07245550048914151,0.0,0.01702067612325223
junction_task_only_20260925,targets,diagnostic,circle_u150_center25_r5,128,128,0,2.1753682130403513,2.5101696651055376,2.5151747610054977,2.5156066870341944,1.0,1.0,0,1.5523371826237313,0.5452388404113853,-1.3932133927160597,1.0162183497753514,2.164838144925829,0.0076492782618853734,0.0,0.00548912421516306
junction_task_only_20260925,targets,diagnostic,circle_u150_center25_r10,128,128,0,2.1860115890144955,2.926730178568278,2.938678466726327,2.9394662263203415,1.0,1.0,0,1.5821140063763413,0.5307826571121143,-1.3008905951822864,1.0155575109208435,2.768851241545467,0.015405171507846415,0.0,0.010954769655054201
junction_task_only_20260925,targets,diagnostic,circle_u150_center25_r20,128,128,0,2.223046694755962,3.648294682368436,3.6668793880089225,3.66864508183939,0.6953125,1.0,0,1.65561901645,0.48461654336738946,-0.9869461298870068,1.013169271987733,3.6100287718382584,0.03120937547360967,0.0,0.021724697315694933
junction_task_only_20260925,targets,diagnostic,circle_u150_center25_r40,128,128,0,2.133547475815828,3.892652146290063,4.06295398718501,4.07799513511619,0.8046875,1.0,0,1.497971177937367,0.4149533882877674,-0.3116482790505363,1.006939698783967,3.7878701939738413,0.06359002166817075,0.0,0.04230042874694678
junction_task_only_20260925,targets,diagnostic,circle_u150_center350_r5,128,128,0,1.1284858356985343,1.182413837903721,1.1831797276939398,1.1833059290243326,1.0,1.0,0,0.5000681399098885,-0.5484633249174626,-0.8473201343794674,0.9976847542545526,0.5713216826823353,0.007605842527632324,0.0,0.0033216597315947165
junction_task_only_20260925,targets,diagnostic,circle_u150_center350_r10,128,128,0,1.1203658340085667,1.2339359404283674,1.2358208111268016,1.2359552708080763,1.0,1.0,0,0.4983364949428283,-0.5343133015062065,-0.838986635441091,0.997716146973435,0.6383095035194408,0.01529876996718231,0.0,0.006524724967639798
junction_task_only_20260925,targets,diagnostic,circle_u150_center350_r20,128,128,0,1.0944442752635974,1.3333340330038361,1.3375633783949576,1.3379103463689903,1.0,1.0,0,0.49114907892520987,-0.47858368189053174,-0.8059916296021536,0.9978381922531242,0.7575966205868978,0.031005216850449758,0.0,0.012566854381735883
junction_task_only_20260925,targets,diagnostic,circle_u150_center350_r40,128,128,0,1.123693839444261,1.4939186292005613,1.5060935518687837,1.5066714578942302,1.0,1.0,0,0.45862465556447546,-0.270430605334257,-0.6794604838490046,0.9982758032296587,0.9348547684098651,0.06359204938058059,0.0,0.02316536030246516
junction_task_only_20260925,zero,diagnostic,exact_zero,1,1,0,0.0,0.0,0.0,0.0,1.0,1.0,0,,,,,,,,
control_20260926,on_grid,test,all,8272,8272,0,3.3605550600311105,11.341135940406064,25.91635063728934,125.1157225939232,0.4234767891682785,0.934115087040619,0,,,,,,,,
control_20260926,on_grid,test,core,71,71,0,1.083789700379258,1.8739399131116814,2.9029243935244637,2.9752410487526872,1.0,1.0,0,,,,,,,,
control_20260926,on_grid,test,transition,1139,1139,0,1.9433939418116675,9.066254356018332,36.36133469707156,89.14740959495803,0.7436347673397717,0.9525899912203687,0,,,,,,,,
control_20260926,on_grid,test,tip,100,100,0,3.5994265859733874,6.317970706591938,6.788337148070355,7.392806801396398,0.38,1.0,0,,,,,,,,
control_20260926,on_grid,test,outer,4187,4187,0,3.6315508741918716,9.971854204475358,19.329115210140518,125.1157225939232,0.36661093861953664,0.950083592070695,0,,,,,,,,
control_20260926,on_grid,train,all,58629,58629,0,3.3133396537872817,10.005298508367218,18.567973865288515,118.60642283562993,0.43724095584096606,0.9499223933548244,0,,,,,,,,
control_20260926,on_grid,train,core,417,417,0,1.0240999031004803,2.10516116610999,3.0269470836197354,6.144649204464454,0.988009592326139,1.0,0,,,,,,,,
control_20260926,on_grid,train,transition,5726,5726,0,1.926388884167101,8.732910248196488,26.77125532984692,65.88619537560861,0.7789032483409012,0.9605309116311561,0,,,,,,,,
control_20260926,on_grid,train,tip,1182,1182,0,3.063445178515387,7.6821304481860855,8.838820921210502,9.510507358769187,0.49153976311336717,1.0,0,,,,,,,,
control_20260926,on_grid,train,outer,35986,35986,0,3.5704462194088915,9.141183568529112,16.262601647122043,118.60642283562993,0.37653531929083534,0.9602067470683043,0,,,,,,,,
control_20260926,on_grid,validation,all,7795,7795,0,3.536180076622112,11.819543154492349,24.400585010742244,143.5533341784257,0.3947402180885183,0.927902501603592,0,,,,,,,,
control_20260926,on_grid,validation,core,38,38,0,1.214139507111628,1.823374928861903,2.070260953518587,2.2107222163194273,1.0,1.0,0,,,,,,,,
control_20260926,on_grid,validation,transition,634,634,0,2.0848962158022175,14.052189117342913,49.97701000189074,99.08058540967032,0.7555205047318612,0.9369085173501577,0,,,,,,,,
control_20260926,on_grid,validation,tip,109,109,0,3.8872745487506863,8.647808436369509,9.062933916672565,9.450669398293366,0.43119266055045874,1.0,0,,,,,,,,
control_20260926,on_grid,validation,outer,4553,4553,0,3.644605171149908,10.030600544280045,16.512867278214465,143.5533341784257,0.37272128267076654,0.9497034922029431,0,,,,,,,,
control_20260926,targets,diagnostic,fixed_circle_r40_u100,121,121,0,0.5283479134465038,0.7259484294211985,0.7343689276726211,0.7354990639739923,1.0,1.0,0,0.06027648162547326,0.08806965842275166,0.10650690508674648,1.0066611009548956,0.3522213241855532,0.07490540396706047,0.0,0.0
control_20260926,targets,diagnostic,retry17_rounded_rectangle_0,360,360,0,4.6630122194788495,6.886490924820198,9.320892498604309,9.520574435924715,0.19166666666666668,1.0,0,0.2113303442791447,-0.8179639464482171,1.7434950931581779,1.0041165164983,5.612806706972285,0.42590199522484573,0.0,0.07823939005567293
control_20260926,targets,diagnostic,retry17_rounded_rectangle_1,360,360,0,4.064473236985225,7.6790296545221945,9.299352704374101,9.3984829148731,0.1638888888888889,1.0,0,1.5177939900657356,-0.9739682791965835,2.058469635060826,1.0062525385720176,6.79095342645486,0.29370026874466393,0.0,0.07943894202865642
control_20260926,targets,diagnostic,retry17_rounded_rectangle_2,360,360,0,4.538690483017084,19.17153528239102,24.524773149026217,26.05855428398677,0.14444444444444443,0.8777777777777778,0,0.38588597228284405,-0.893536717144349,0.7471830388298079,1.0016638803278342,15.354363428917942,1.0115779099487454,0.0,0.04761986544991734
control_20260926,targets,diagnostic,retry19_exact_seam_rectangle_0,120,120,0,1.489590773471166,1.7746301709302885,1.8339714280485715,1.8418842255631562,1.0,1.0,0,0.5063062349290215,0.5949630915847073,0.04405959688330938,1.009384081544347,,0.17233591804317672,0.0,0.047799371359041734
control_20260926,targets,diagnostic,retry19_exact_seam_rectangle_1,120,120,0,1.400136189220539,1.7018852850969437,1.7061946462532256,1.706400543302501,1.0,1.0,0,0.6000074904309297,0.5355664902715155,0.007746083904733891,1.0103382410417654,,0.16071605871769254,0.0,0.040483384984311824
control_20260926,targets,diagnostic,retry19_exact_seam_rectangle_2,120,120,0,1.3144733374456992,1.7073109111928106,1.7175352099418464,1.7182036499511122,1.0,1.0,0,0.8954094124169995,0.5086043475064536,-0.40049869855250064,1.004059286501026,0.5642356733747245,0.1363271607388695,0.0,0.11369362137673975
control_20260926,targets,diagnostic,retry19_seam_between_rectangle_0,120,120,0,1.397185506673858,1.6014818790077803,1.642716465934419,1.6477397367530446,1.0,1.0,0,0.5805717294328772,0.512818468700167,-0.046507496772004,1.0160783961334774,1.5111832818933209,0.1539558789866724,0.0,0.04663695853967019
control_20260926,targets,diagnostic,retry19_seam_between_rectangle_1,120,120,0,1.2823677847819506,1.6091148038634042,1.6249364410146578,1.6259734753341766,1.0,1.0,0,0.7094258160140384,0.44665741335949216,-0.13732010149868085,1.0152336692573676,1.3945813588019151,0.13875358544151653,0.0,0.042570861549396974
control_20260926,targets,diagnostic,retry19_seam_between_rectangle_2,120,120,0,1.3752908250714435,1.6556169854032141,1.6647086364734571,1.6652272302322009,1.0,1.0,0,0.9646492334678753,0.455354604905669,-0.49693434395069547,1.0044359661827784,0.8267356835974233,0.11006337583287797,0.0,0.0837773928120839
control_20260926,targets,diagnostic,retry19_slanted_ellipse,120,120,0,1.3501218980309115,1.592844704688811,1.6106047918008657,1.6118568257805752,1.0,1.0,0,0.6430229117132535,0.4774663383093724,-0.07590906276644813,1.016767459991434,1.4955515859315214,0.1732955596215635,0.0,0.025900077332688353
control_20260926,targets,diagnostic,retry19_spiral_3d,120,120,0,1.5354907374390332,1.8902470200184611,1.904188327966893,1.9055416476773102,1.0,1.0,0,0.7290962639186586,0.6435754835357136,-0.1493398167202405,0.9992417312172777,,0.1272669148048476,0.0,6.042966325712823
control_20260926,targets,diagnostic,retry19_star,120,120,0,1.3869408676089008,1.6190079416125163,1.6534555080643665,1.673899875754278,1.0,1.0,0,0.882397788111842,0.4641675671979508,-0.31971315393283334,1.0186331414322374,1.5944508726404703,0.17221212086447024,0.0,0.0853841948143294
control_20260926,targets,diagnostic,retry19_zero_to_boundary_0,120,120,0,1.808527928799161,8.325336935768377,8.600478735424915,8.61301378408356,0.7333333333333333,1.0,0,2.102494752956979,0.2823438508740909,0.19600265379146578,1.012819391887652,1.2000986553906554,0.30603960606529756,0.0,11.628026564480285
control_20260926,targets,diagnostic,retry19_zero_to_boundary_1,120,120,0,2.4977956591284114,8.1503538802993,8.384913941319098,8.399602932771257,0.7166666666666667,1.0,0,1.9566277537170054,0.5930236832348222,0.8104192219434079,0.9993134335858171,0.9295221003684054,0.29663686349699653,0.0,8.652432454449428
control_20260926,targets,diagnostic,retry19_zero_to_boundary_2,120,120,0,2.6727782094644192,8.287238516632266,8.535931222765425,8.563271991716489,0.7416666666666667,1.0,0,1.814131182984613,0.4783876186964729,1.0066829243585163,1.0000407348400997,1.5693768418784837,0.3170703615748682,0.0,9.421163415345193
control_20260926,targets,diagnostic,off_grid_test,3000,3000,0,2.7419808833302453,9.693641573254771,23.972605853071094,101.27646774758719,0.5563333333333333,0.9536666666666667,0,,,,,,,,
control_20260926,targets,diagnostic,large_star,407,407,0,3.27421062730926,17.740647349779362,41.23564415755147,47.80132357802154,0.4668304668304668,0.8501228501228502,0,0.7817040783169911,0.9651342169630458,-0.18520697957636365,0.9986393827842356,14.626386514329148,3.016579513919165,0.0,0.5698357555484479
control_20260926,targets,diagnostic,large_helix,523,523,0,3.3231691814198308,12.660661485205246,30.125599378767586,42.339087077280816,0.4110898661567878,0.8374760994263862,0,0.03684392326623489,-0.2702857937067583,-0.579133898758092,0.9986825893237905,,2.355352102021404,0.0,7.987296213059666
control_20260926,targets,diagnostic,large_tapered_helix,574,574,0,7.8905685718398395,13.848732568884817,15.394329677402146,16.188348227583933,0.036585365853658534,0.735191637630662,0,-5.36616013606454,0.4328037984128544,-0.3998676742875126,0.9899869316667164,,0.4268693207660488,0.0,4.872312242777422
control_20260926,targets,diagnostic,circle_u100_center25_r5,128,128,0,0.5254913106109698,0.5893242323920147,0.5902558890358778,0.5903636319229748,1.0,1.0,0,0.34002922974897715,0.3026383670646296,-0.2597729248855899,1.0067144202463933,0.35263584094852307,0.008292276539218605,0.0,0.005243450848454164
control_20260926,targets,diagnostic,circle_u100_center25_r10,128,128,0,0.5175563245938579,0.6437465716655552,0.6454326571295247,0.6455275028801853,1.0,1.0,0,0.3313006865806722,0.2965698816882136,-0.25445838002860866,1.0065909963020465,0.35623153077779524,0.01658369930479096,0.0,0.010340479516576179
control_20260926,targets,diagnostic,circle_u100_center25_r20,128,128,0,0.4864653780205127,0.7258118704630989,0.729494032060391,0.7298983907204675,1.0,1.0,0,0.2966000273773445,0.2728632965465434,-0.23324496818788057,1.0060890345703237,0.3498262434877164,0.033195146253085096,0.0,0.020155034467061378
control_20260926,targets,diagnostic,circle_u100_center25_r40,128,128,0,0.4493147540468734,0.8030957939575611,0.8170943308515289,0.8180313096538682,1.0,1.0,0,0.16134651983712273,0.18700636843843682,-0.14991640512145402,1.004219891781154,0.30987646756454046,0.06587802831841924,0.0,0.03829174803438398
control_20260926,targets,diagnostic,circle_u100_center350_r5,128,128,0,4.090419790281797,4.603158118158297,4.609478822360911,4.609909407248178,0.0,1.0,0,1.9545121619867454,3.532032076352226,0.3871086196591463,0.93359600791182,2.2322595472372586,0.011499050354539592,0.0,0.0033472195801293736
control_20260926,targets,diagnostic,circle_u100_center350_r10,128,128,0,4.134311903093652,5.072690752891051,5.083079934005896,5.084137685805259,0.140625,1.0,0,1.9451275432039763,3.466462173684149,0.40235277801521074,0.9338626429041043,2.4890785725744657,0.023044631372799895,0.0,0.006884830683372853
control_20260926,targets,diagnostic,circle_u100_center350_r20,128,128,0,4.293134623485957,5.824961967383443,5.841808614552587,5.842767687494938,0.3046875,1.0,0,1.9039422523695875,3.208353547279958,0.46106868019569885,0.9349048510067453,2.9501037092278914,0.04655713070374567,0.0,0.01440401518591064
control_20260926,targets,diagnostic,circle_u100_center350_r40,128,128,0,4.709408402355757,6.720181580173946,6.761836010250699,6.765264318554136,0.203125,1.0,0,1.6854776371718754,2.2380741312613854,0.6621221063616499,0.9386981098574249,3.6839251938599493,0.09614174275709948,0.0,0.029987091777294732
control_20260926,targets,diagnostic,circle_u150_center25_r5,128,128,0,1.4215425276374551,1.5042691566100468,1.5053856374242425,1.5054930998302911,1.0,1.0,0,0.4562756901476013,1.3273017975677017,-0.1745683259694866,1.0021588874992313,0.6131133567736535,0.006375127816560651,0.0,0.0044419174771825895
control_20260926,targets,diagnostic,circle_u150_center25_r10,128,128,0,1.4199722697241304,1.5776748408154755,1.5795775851127014,1.579816441653364,1.0,1.0,0,0.4458711578848411,1.3086722846872707,-0.15924313115955707,1.0021528202235481,0.7588896709604054,0.012782699031678864,0.0,0.008856087310862001
control_20260926,targets,diagnostic,circle_u150_center25_r20,128,128,0,1.4145446230813206,1.6917081895774695,1.6945845106120936,1.6946898880854262,1.0,1.0,0,0.4052405950148424,1.2357374898160505,-0.10123489649722459,1.0021227362573115,1.0165101841386193,0.02569517165758797,0.0,0.017620794161148638
control_20260926,targets,diagnostic,circle_u150_center25_r40,128,128,0,1.4032297169488135,1.782918920005914,1.7859246675426628,1.786750210252976,1.0,1.0,0,0.25628841298680655,0.9672967939826763,0.08339268935136711,1.0020440698814888,1.355815542317118,0.05194358863794697,0.0,0.03500455941375668
control_20260926,targets,diagnostic,circle_u150_center350_r5,128,128,0,4.6750453027139205,4.99938793145498,5.003494202911833,5.003850607789424,0.0,1.0,0,-3.212368602217573,2.426815145364484,-2.32249677563687,1.0389083393574081,3.7603404294899723,0.010233330923971605,0.0,0.0040748481701472945
control_20260926,targets,diagnostic,circle_u150_center350_r10,128,128,0,4.699936535608607,5.322872077670493,5.332088176888761,5.332633547677948,0.0,1.0,0,-3.1859581873030924,2.3767373261214844,-2.291384958971122,1.0387002282857043,4.264033955206014,0.022084136020766854,0.0,0.008248093753025085
control_20260926,targets,diagnostic,circle_u150_center350_r20,128,128,0,4.785806917038557,5.961960904255013,5.985132903497155,5.987372222014395,0.0,1.0,0,-3.083171749237711,2.178338886298737,-2.167478412861161,1.0378844908378195,5.137350894912274,0.0509263173384382,0.0,0.019272659403660353
control_20260926,targets,diagnostic,circle_u150_center350_r40,128,128,0,4.947286854401825,7.089072891101321,7.175930784633139,7.1828458004921645,0.3046875,1.0,0,-2.7178624198583856,1.4229000298943413,-1.688919248732238,1.034735040170887,6.274190753740371,0.1300835140638316,0.0,0.04617592077069433
control_20260926,zero,diagnostic,exact_zero,1,1,0,0.0,0.0,0.0,0.0,1.0,1.0,0,,,,,,,,
junction_20260926,on_grid,test,all,8272,8272,0,3.773949422548311,11.206702005833534,19.525773719332303,124.59466636342304,0.34574468085106386,0.9316972920696325,0,,,,,,,,
junction_20260926,on_grid,test,core,71,71,0,1.1918150167466408,2.089372582777223,2.609957656097674,2.837782859788473,1.0,1.0,0,,,,,,,,
junction_20260926,on_grid,test,transition,1139,1139,0,2.695862869168314,19.075043884848874,58.16910806227536,124.59466636342304,0.5513608428446005,0.9007901668129938,0,,,,,,,,
junction_20260926,on_grid,test,tip,100,100,0,3.356070649532974,5.716099866483452,6.605890970815357,7.203449551445956,0.39,1.0,0,,,,,,,,
junction_20260926,on_grid,test,outer,4187,4187,0,3.998987174340555,10.081667954195897,14.420098162109253,28.29560598453473,0.2918557439694292,0.949605923095295,0,,,,,,,,
junction_20260926,on_grid,train,all,58629,58629,0,3.5738878046062346,9.846475802156917,15.60761341201372,131.59609089927045,0.38168824301966603,0.9522250081017927,0,,,,,,,,
junction_20260926,on_grid,train,core,417,417,0,1.2438718588985882,2.924901548686984,7.317866741716479,11.331566274460824,0.9520383693045563,0.9928057553956835,0,,,,,,,,
junction_20260926,on_grid,train,transition,5726,5726,0,2.1553279312077205,12.232974461281497,33.88255283528462,131.59609089927045,0.6734194900454069,0.9324135522179532,0,,,,,,,,
junction_20260926,on_grid,train,tip,1182,1182,0,2.8944000751051426,7.948601720987575,9.64060967232926,10.609085076447773,0.5169204737732657,0.9949238578680203,0,,,,,,,,
junction_20260926,on_grid,train,outer,35986,35986,0,3.803676235709581,8.99391924436476,14.206993083737832,43.93790066807939,0.3208192074695715,0.9634858000333463,0,,,,,,,,
junction_20260926,on_grid,validation,all,7795,7795,0,3.7610467740430926,11.414201468036074,18.119248136335077,119.68906368301177,0.34008980115458626,0.931109685695959,0,,,,,,,,
junction_20260926,on_grid,validation,core,38,38,0,1.2515113936837878,2.8472482754044135,4.085322623365429,4.561947864626081,0.9473684210526315,1.0,0,,,,,,,,
junction_20260926,on_grid,validation,transition,634,634,0,2.33994445688739,25.153948286668122,72.81792454306766,119.68906368301177,0.6167192429022083,0.8943217665615142,0,,,,,,,,
junction_20260926,on_grid,validation,tip,109,109,0,3.65679456556973,9.452997810391018,9.979075734714115,10.426229745081514,0.3761467889908257,0.981651376146789,0,,,,,,,,
junction_20260926,on_grid,validation,outer,4553,4553,0,3.9285880150737054,10.315469175272673,15.850314452905655,25.99678288831458,0.2976059740830222,0.9457500549088513,0,,,,,,,,
junction_20260926,targets,diagnostic,fixed_circle_r40_u100,121,121,0,1.173174394501465,1.519544741183936,1.5432935228144777,1.5454222098735182,1.0,1.0,0,-0.8932341540555055,-0.22926175310366306,0.287535657378398,1.0039789161915305,1.255188733590984,0.06419097159342609,0.0,0.0
junction_20260926,targets,diagnostic,retry17_rounded_rectangle_0,360,360,0,3.614605781079778,6.530165855300241,6.96244369812826,7.092147465017578,0.34444444444444444,1.0,0,-0.6520469937195607,-0.794180418900167,1.0716494445478377,1.0048341220750248,5.227982938004064,0.47032341115249304,0.0,0.08686591897739904
junction_20260926,targets,diagnostic,retry17_rounded_rectangle_1,360,360,0,2.996331887137807,5.167067579647819,6.233377286274325,6.31253828088023,0.5027777777777778,1.0,0,0.12252384719927062,-0.3860815911629841,0.9988685560880183,1.0060485215785326,3.929209662521085,0.3109102110189804,0.0,0.09806230657434244
junction_20260926,targets,diagnostic,retry17_rounded_rectangle_2,360,360,0,3.871912999703037,7.51974538011695,10.14318662154487,10.558278653368205,0.26666666666666666,0.9888888888888889,0,1.1818916468597644,-0.4930290668147556,-0.8468858906751868,1.002800554338535,5.7999309918858755,0.5212121624504962,0.0,0.06083137229542606
junction_20260926,targets,diagnostic,retry19_exact_seam_rectangle_0,120,120,0,1.041125363230416,2.6243170023869338,2.714269915367065,2.7234368838075533,1.0,1.0,0,0.37388397911712706,0.06220322695966559,0.2744751871479862,0.9950506860315385,,0.17966897989083166,0.0,0.0515453032319706
junction_20260926,targets,diagnostic,retry19_exact_seam_rectangle_1,120,120,0,1.046589347775535,2.801892010226979,2.917266545182738,2.922654483757418,1.0,1.0,0,0.45095920711744436,-0.033981088989043826,0.29276689429095715,0.9926867617438272,,0.16738061580033248,0.0,0.03564846482558905
junction_20260926,targets,diagnostic,retry19_exact_seam_rectangle_2,120,120,0,1.1058229109055868,2.0847840377638494,2.1165540532907388,2.1177934017021034,1.0,1.0,0,0.6558716687306657,-0.16139986849298624,0.3432742516846126,0.9909135032589124,1.5620806268399734,0.13927694868666876,0.0,0.11685770650974815
junction_20260926,targets,diagnostic,retry19_seam_between_rectangle_0,120,120,0,1.0209622311895046,2.2872876702686176,2.379560566020035,2.3844407657155418,1.0,1.0,0,0.39870527124043303,-0.07093075805775402,0.2867820353035059,1.0031305911341308,1.5652272037997899,0.16203343145385873,0.0,0.04957393988277567
junction_20260926,targets,diagnostic,retry19_seam_between_rectangle_1,120,120,0,1.0119143705081206,2.3846014860444624,2.458375815454262,2.4633367638458163,1.0,1.0,0,0.47961993157084604,-0.18263762237113293,0.2963006363649234,1.0003182782681188,2.3069046888855835,0.1434672697424716,0.0,0.0394802009499662
junction_20260926,targets,diagnostic,retry19_seam_between_rectangle_2,120,120,0,1.1887154945232477,1.969464646069291,1.996418242021794,1.9977494196381793,1.0,1.0,0,0.6943673339887269,-0.22679621176515058,0.329278592467296,0.9946494365591323,1.7999236103518932,0.11058076266250644,0.0,0.08778628696805826
junction_20260926,targets,diagnostic,retry19_slanted_ellipse,120,120,0,0.992078501482601,2.363911969480425,2.461816728359439,2.4694892518830684,1.0,1.0,0,0.4198953000497274,-0.14087737378567136,0.2930023329540176,1.001827647503876,2.179746549128123,0.17493736634330534,0.0,0.023664044153155428
junction_20260926,targets,diagnostic,retry19_spiral_3d,120,120,0,1.2679947108864575,3.3481107399871224,3.4920717100397574,3.499636623313008,0.8916666666666667,1.0,0,0.612151454754023,0.25732428568294646,0.30466237243320216,0.9795889218554541,,0.11789376082947446,0.0,6.7897506081448675
junction_20260926,targets,diagnostic,retry19_star,120,120,0,0.984157984289702,2.7049328474837875,3.000146349632306,3.103988689060112,0.9833333333333333,1.0,0,0.5936399537104878,-0.022181691768929066,0.21609594258976794,1.0117230299642042,2.4650727000921906,0.1807583950634487,0.0,0.10549141795720068
junction_20260926,targets,diagnostic,retry19_zero_to_boundary_0,120,120,0,1.3685088028367636,8.45573629778337,8.782053823305978,8.810164812093262,0.7583333333333333,1.0,0,1.7453810997991148,-0.5061704818050881,0.3892924899603594,1.013440608848378,0.9662734908074679,0.30206890466436914,0.0,10.897824293953764
junction_20260926,targets,diagnostic,retry19_zero_to_boundary_1,120,120,0,2.260010353891399,7.7920365366251225,8.064394428947782,8.081081770049385,0.7166666666666667,1.0,0,1.4360751188630023,0.4376665651138206,0.39184762011221314,1.0001943390415842,1.6256704754787368,0.3049269386256228,0.0,8.237641856047674
junction_20260926,targets,diagnostic,retry19_zero_to_boundary_2,120,120,0,2.0160623492042933,8.04252032142444,8.298840024011307,8.315124218626657,0.7333333333333333,1.0,0,1.3438778216029512,0.3355613035100078,0.45696342163059805,1.0010714520640276,1.374821262397619,0.32422411734118645,0.0,8.989127443062802
junction_20260926,targets,diagnostic,off_grid_test,3000,3000,0,3.2875202108407233,9.316002821980542,19.101806481483234,77.59821156656416,0.43433333333333335,0.955,0,,,,,,,,
junction_20260926,targets,diagnostic,large_star,407,407,0,3.168479233670652,10.867962328567469,17.059755504154356,18.10487979045081,0.4643734643734644,0.9434889434889435,0,-0.6257669923601049,-0.026986545528231518,0.16280676974391212,0.9973506783712914,6.369637821699589,2.2166166592698704,0.0,0.49335846425219904
junction_20260926,targets,diagnostic,large_helix,523,523,0,3.640820952755216,9.974902848746074,14.277124927625673,17.128181661382726,0.3403441682600382,0.9502868068833652,0,-0.7303489100496555,-0.11036771487285191,0.18787093740746647,1.0008212357862551,,1.0413131385003958,0.0,6.674937262631069
junction_20260926,targets,diagnostic,large_tapered_helix,574,574,0,7.384289707429179,16.468992860252683,19.43171840883857,19.506541122447228,0.02613240418118467,0.7038327526132404,0,-5.986265549886917,-0.06689239461665615,-0.38661116746262675,0.9896303195092618,,0.7330167554994147,0.0,4.008377943083494
junction_20260926,targets,diagnostic,circle_u100_center25_r5,128,128,0,0.9040722293774258,0.950755173243139,0.9515762794391135,0.9516824977557168,1.0,1.0,0,-0.8670778283914777,-0.21715642962514342,0.06303431982523257,1.0054499739307456,0.8961762759430392,0.006950571254134226,0.0,0.005652835311831803
junction_20260926,targets,diagnostic,circle_u100_center25_r10,128,128,0,0.9276836009716878,1.029666763717586,1.0318925375272396,1.0319738571783539,1.0,1.0,0,-0.8684544162003218,-0.23430746690504378,0.07315759266645946,1.0052533429317003,0.9225064188973287,0.0139002887346222,0.0,0.01152978620580465
junction_20260926,targets,diagnostic,circle_u100_center25_r20,128,128,0,1.0069542726009928,1.2639210881860596,1.2710248929110053,1.271367638668745,1.0,1.0,0,-0.8762782780216434,-0.29669091193151204,0.11610273041464729,1.004498598645889,1.0446220099872283,0.02775575435281619,0.0,0.02446915270157068
junction_20260926,targets,diagnostic,circle_u100_center25_r40,128,128,0,1.3296762035165892,2.0695110325187245,2.098214070246213,2.100934550045532,1.0,1.0,0,-0.9266989814239734,-0.4584945013559987,0.31394460737027813,1.0018401304113613,1.6897962060834049,0.05879128016770788,0.0,0.05745469752450101
junction_20260926,targets,diagnostic,circle_u100_center350_r5,128,128,0,5.298854788701924,5.589978648742742,5.592871160372344,5.593076715478969,0.0,1.0,0,-3.64546222829025,1.890081974818378,-3.203252787101942,0.9902352939011317,4.251772494111727,0.01981864765043825,0.0,0.01520696928989043
junction_20260926,targets,diagnostic,circle_u100_center350_r10,128,128,0,5.4166146972316245,5.8703747219929205,5.877635360309428,5.878138426726639,0.0,1.0,0,-3.51157019175052,1.9537083827358073,-3.1112063833127808,0.9915118488398561,4.6896210581131355,0.04299262573064526,0.0,0.03138269548417454
junction_20260926,targets,diagnostic,circle_u100_center350_r20,128,128,0,5.59035175788027,6.3930846231857945,6.428617769541518,6.431596394120883,0.109375,1.0,0,-3.074123318940653,2.14523150675421,-2.7059777995559595,0.9958191859984247,5.19375109076724,0.10187995543355645,0.0,0.06593767241173784
junction_20260926,targets,diagnostic,circle_u100_center350_r40,128,128,0,4.578703677697714,6.7621608492123455,6.819141197027446,6.826935726712761,0.3359375,1.0,0,-2.313832911330407,2.0921892296038256,-1.093658019956957,1.0022350400318036,5.311998361291048,0.2746478829417365,0.0,0.1369176786173847
junction_20260926,targets,diagnostic,circle_u150_center25_r5,128,128,0,1.269261993000299,1.5753778310710163,1.579631304786732,1.5799020313910916,1.0,1.0,0,1.1288330617597597,0.17065205521810303,0.5129355049384953,1.0068163712273772,1.346653333192882,0.007053024091684417,0.0,0.005440245673915156
junction_20260926,targets,diagnostic,circle_u150_center25_r10,128,128,0,1.292561369456231,1.8837360862447534,1.892329315354858,1.8927819551334633,1.0,1.0,0,1.1063028206439314,0.1846015313951665,0.49663986337765875,1.0071706889521197,1.5279732722028982,0.014614043502888533,0.0,0.011266397035936033
junction_20260926,targets,diagnostic,circle_u150_center25_r20,128,128,0,1.3497085214906805,2.4188859258730093,2.4373736909590904,2.4383933910710667,1.0,1.0,0,1.0088187458777467,0.24159734728807394,0.4199675578236787,1.0084045585749433,1.7654561758805976,0.031306172060753444,0.0,0.02436024320082071
junction_20260926,targets,diagnostic,circle_u150_center25_r40,128,128,0,1.87175183230381,2.8455422898792557,2.8896117149838485,2.8933603455692687,1.0,1.0,0,0.4401553353133164,0.45120904251274097,0.13155467491314607,1.0106134573327,1.7116677831778726,0.06995223615833183,0.0,0.056860150901592556
junction_20260926,targets,diagnostic,circle_u150_center350_r5,128,128,0,5.750892865127353,6.2999415403411945,6.307330627383945,6.307769785375484,0.0,1.0,0,-4.5081406566358595,-3.4697364736108463,-0.4344982254690909,1.0165762084127987,5.215540405389174,0.020406043919059345,0.0,0.018162326776710157
junction_20260926,targets,diagnostic,circle_u150_center350_r10,128,128,0,5.638759613446331,6.672326618345095,6.687486851640285,6.68857338790389,0.0,1.0,0,-4.338979865927777,-3.293758952396356,-0.4216360294348822,1.017317023582464,5.748385442631321,0.045147550413784286,0.0,0.037730391861973564
junction_20260926,targets,diagnostic,circle_u150_center350_r20,128,128,0,5.202301263785738,7.083040458553649,7.127750330744653,7.130177094177509,0.0,1.0,0,-3.758880157098327,-2.6682065667384136,-0.30161693528548555,1.0202286967086973,6.45295323808277,0.11219439485392195,0.0,0.08005558004466164
junction_20260926,targets,diagnostic,circle_u150_center350_r40,128,128,0,3.8600261042344393,7.0807209802533295,7.236223357773388,7.2439998665591885,0.1953125,1.0,0,-2.3898904798843117,-1.2000040788890018,0.47292443088678576,1.0243017996772232,6.647647406218704,0.3147709754473301,0.0,0.20231959472588645
junction_20260926,zero,diagnostic,exact_zero,1,1,0,0.0,0.0,0.0,0.0,1.0,1.0,0,,,,,,,,
task_only_20260926,on_grid,test,all,8272,8272,0,3.3345146135330865,11.146520183743316,26.157509707451787,125.54475863652908,0.4348404255319149,0.9352030947775629,0,,,,,,,,
task_only_20260926,on_grid,test,core,71,71,0,1.2200489729289683,1.949822150303974,2.2317923258387315,2.415335322027627,1.0,1.0,0,,,,,,,,
task_only_20260926,on_grid,test,transition,1139,1139,0,1.9417312640838593,8.730911177018651,34.634117350314455,87.34285419232748,0.7374890254609306,0.9525899912203687,0,,,,,,,,
task_only_20260926,on_grid,test,tip,100,100,0,3.7471352793667414,6.227179400854898,6.813261180023627,7.3324918629087135,0.33,1.0,0,,,,,,,,
task_only_20260926,on_grid,test,outer,4187,4187,0,3.6166944166144424,9.863318376434735,18.58283172171245,125.54475863652908,0.37043229042273706,0.9522331024599953,0,,,,,,,,
task_only_20260926,on_grid,train,all,58629,58629,0,3.2297011787346785,9.856343930139516,18.569270197315017,119.28240178859936,0.45265994644288665,0.9517133159357997,0,,,,,,,,
task_only_20260926,on_grid,train,core,417,417,0,0.9839930682941462,1.754095694028354,2.3684323632993167,5.8125139017671845,0.9904076738609112,1.0,0,,,,,,,,
task_only_20260926,on_grid,train,transition,5726,5726,0,1.9571844207689302,8.245019691247897,26.77349639732382,65.2389310088811,0.7883339154732798,0.9615787635347538,0,,,,,,,,
task_only_20260926,on_grid,train,tip,1182,1182,0,2.9871845037722977,7.629839928196574,8.765677207421934,9.420278659164378,0.5033840947546532,1.0,0,,,,,,,,
task_only_20260926,on_grid,train,outer,35986,35986,0,3.4920890830625355,9.020927043105193,16.171344113679634,119.28240178859936,0.3894847996443061,0.9627077196687601,0,,,,,,,,
task_only_20260926,on_grid,validation,all,7795,7795,0,3.436800410282787,11.570321851037885,23.874846454627846,144.1294886638259,0.40923669018601666,0.9300833867864016,0,,,,,,,,
task_only_20260926,on_grid,validation,core,38,38,0,1.1756620833807705,1.8955151385063387,1.9336917754930045,1.9414992833790101,1.0,1.0,0,,,,,,,,
task_only_20260926,on_grid,validation,transition,634,634,0,1.9685122658891263,13.591959805938819,48.38639119968553,97.3663629903828,0.7476340694006309,0.9400630914826499,0,,,,,,,,
task_only_20260926,on_grid,validation,tip,109,109,0,3.3556215948340924,8.681344283118362,9.006745923508348,9.37031984724411,0.42201834862385323,1.0,0,,,,,,,,
task_only_20260926,on_grid,validation,outer,4553,4553,0,3.594360837925949,9.626025894591878,16.742830586577835,144.1294886638259,0.377113990775313,0.9567318251702175,0,,,,,,,,
task_only_20260926,targets,diagnostic,fixed_circle_r40_u100,121,121,0,0.4883763997685204,0.7192163423843949,0.7326023435101144,0.7335116182110918,1.0,1.0,0,0.0375627858243603,-0.057854064107931896,0.04226977493743788,1.0069651641689261,0.5254329249138046,0.062374141274202696,0.0,0.0
task_only_20260926,targets,diagnostic,retry17_rounded_rectangle_0,360,360,0,4.579683384689458,7.012762621837823,9.16119217925948,9.36135586840537,0.14444444444444443,1.0,0,0.3294874810913115,-0.8898115797112968,1.2397899059631026,1.0051689748016133,5.583077509472217,0.41844086733025304,0.0,0.08102311902927625
task_only_20260926,targets,diagnostic,retry17_rounded_rectangle_1,360,360,0,3.8707726364280655,7.912436610486501,9.443295840553306,9.534684315637639,0.16944444444444445,1.0,0,1.1807539319394764,-1.078887565629292,1.7171865364324852,1.0054539222779952,6.7282567053222975,0.28714798289650606,0.0,0.08066837607925872
task_only_20260926,targets,diagnostic,retry17_rounded_rectangle_2,360,360,0,4.382035950600153,18.557231177573144,25.16633777604376,26.902478048333975,0.17777777777777778,0.8777777777777778,0,0.19715304403501538,-0.8892735294553357,0.7752501275334372,1.0031182529968554,15.260387429175976,1.0371894117890006,0.0,0.05225265469789005
task_only_20260926,targets,diagnostic,retry19_exact_seam_rectangle_0,120,120,0,1.4529820820696338,1.7249672600540147,1.7472413823068929,1.7541066599721493,1.0,1.0,0,0.7062161328165469,0.3773961613757144,0.04207313750727257,1.004818129385461,,0.17434655498009924,0.0,0.03667427386156034
task_only_20260926,targets,diagnostic,retry19_exact_seam_rectangle_1,120,120,0,1.3820035783278883,1.835560262573158,1.8856293317700308,1.889200240734183,1.0,1.0,0,0.8076574670754066,0.3400628286774952,-0.01320262064971498,1.006197800978116,,0.165916393997011,0.0,0.036851431893157545
task_only_20260926,targets,diagnostic,retry19_exact_seam_rectangle_2,120,120,0,1.453202987161001,1.9381855370201002,1.9861266085081863,1.9919761173892367,1.0,1.0,0,1.1312594164775147,0.3489928294606447,-0.434209736008191,1.004358029598486,0.5386547332345446,0.1444755764186947,0.0,0.12274148759289101
task_only_20260926,targets,diagnostic,retry19_seam_between_rectangle_0,120,120,0,1.351753397186483,1.6829906468701858,1.7154214700020238,1.7183949777548007,1.0,1.0,0,0.7942400799884268,0.3262595416430068,-0.0780890340998786,1.0111555387116526,1.5480143244772893,0.15722412450452353,0.0,0.03524804498549705
task_only_20260926,targets,diagnostic,retry19_seam_between_rectangle_1,120,120,0,1.344525406859122,1.8491850024159493,1.8907937099496794,1.8930323365875368,1.0,1.0,0,0.9377075814386442,0.28455815147548486,-0.18179622386326436,1.0116224610278943,1.5298522220878161,0.14024171290693305,0.0,0.03937604056512351
task_only_20260926,targets,diagnostic,retry19_seam_between_rectangle_2,120,120,0,1.5171137277131208,1.9525226202722654,1.9941416959348823,1.9962476964339635,1.0,1.0,0,1.2179200960906023,0.31698435438707256,-0.5315497237461264,1.0055217536724903,0.8289513120639402,0.11869331984918909,0.0,0.09473813888266186
task_only_20260926,targets,diagnostic,retry19_slanted_ellipse,120,120,0,1.3117431125869232,1.7924342659954944,1.8366676126684305,1.8421154394005834,1.0,1.0,0,0.8673257986619831,0.30445831154190206,-0.11525772181691958,1.0122819899014666,1.5499000114030785,0.17577321074298563,0.0,0.023433525268667498
task_only_20260926,targets,diagnostic,retry19_spiral_3d,120,120,0,1.5851502713754764,1.8814424573411503,1.9108181994380482,1.9125508980284451,1.0,1.0,0,0.9070601798461659,0.4243361725893792,-0.15454283830148954,0.998430585776033,,0.11997824918679773,0.0,6.372322316359068
task_only_20260926,targets,diagnostic,retry19_star,120,120,0,1.5000546621494701,1.8183779392715687,1.841071157295903,1.8421115495154965,1.0,1.0,0,1.0987702658167249,0.30821770769101964,-0.3726849543750752,1.015359277498827,1.585909294964399,0.17876654114674373,0.0,0.0771649159218653
task_only_20260926,targets,diagnostic,retry19_zero_to_boundary_0,120,120,0,1.7721459718559802,8.349796266790708,8.64354404818332,8.65480264184761,0.7416666666666667,1.0,0,2.0357755312568746,0.20649258807213142,0.23975480071390787,1.0104169655873194,1.0826922728437174,0.30991911266699335,0.0,12.415145981280867
task_only_20260926,targets,diagnostic,retry19_zero_to_boundary_1,120,120,0,2.476719814492242,8.099391853151571,8.347922743320662,8.360124965766161,0.725,1.0,0,1.6790207333364597,0.6158152941244999,0.7319621533897304,1.0001927878797638,0.7745280763559167,0.29813834368961717,0.0,9.106713337900702
task_only_20260926,targets,diagnostic,retry19_zero_to_boundary_2,120,120,0,2.650336240831211,8.251147692527542,8.489859865028075,8.514239765481701,0.7416666666666667,1.0,0,1.5536133583169187,0.5278989838653497,0.9316856855980641,1.0004258040022365,1.2832815245616127,0.318444789576756,0.0,9.852925165102937
task_only_20260926,targets,diagnostic,off_grid_test,3000,3000,0,2.6944771592942214,9.498231462458946,25.09068532333199,102.06922068952149,0.5646666666666667,0.953,0,,,,,,,,
task_only_20260926,targets,diagnostic,large_star,407,407,0,3.3768759204186125,17.44484462769719,43.683161108321244,49.50513828886282,0.4226044226044226,0.8574938574938575,0,0.9472260052991454,0.9740577512400107,-0.5005556290087387,0.9982767920558725,14.137292769692394,2.898373698821986,0.0,0.5988433588451338
task_only_20260926,targets,diagnostic,large_helix,523,523,0,3.1858035988371607,12.428453714351905,31.17677079013264,43.83505440981314,0.4569789674952199,0.8680688336520076,0,-0.027563215312625858,-0.4113925443411498,-0.5432086551692182,0.9994461846933577,,2.284809694830101,0.0,8.339495984828432
task_only_20260926,targets,diagnostic,large_tapered_helix,574,574,0,8.116459705887756,14.418695411550164,16.373229225966636,17.140814181142797,0.027874564459930314,0.7909407665505227,0,-5.40887616640136,0.4925643097504031,-0.445236965029923,0.990120503566725,,0.4443569529188086,0.0,5.019197168425839
task_only_20260926,targets,diagnostic,circle_u100_center25_r5,128,128,0,0.5310778136576431,0.6030916887869688,0.6042250989022712,0.6042865042179979,1.0,1.0,0,0.4390638707941381,0.10850113073399109,-0.2791410810503394,1.00878952366188,0.47556908948527266,0.006871170305032827,0.0,0.004354992647823599
task_only_20260926,targets,diagnostic,circle_u100_center25_r10,128,128,0,0.5171721275895655,0.6654079603932056,0.6674879011115991,0.6676325278806354,1.0,1.0,0,0.4275099537949592,0.10554023967467206,-0.2740512530375683,1.0086752790216928,0.5046475179627086,0.013752585893820675,0.0,0.008682024208732458
task_only_20260926,targets,diagnostic,circle_u100_center25_r20,128,128,0,0.4625307811421192,0.766658837103075,0.7709368484286376,0.7711182178658161,1.0,1.0,0,0.38149792757339807,0.09390767193767974,-0.25392118679408116,1.0082231715472816,0.5513035758050067,0.027434308575002467,0.0,0.017207220870819075
task_only_20260926,targets,diagnostic,circle_u100_center25_r40,128,128,0,0.38551453149850046,0.8399227896117868,0.8476924121502726,0.8482692884658644,1.0,1.0,0,0.20114266148261833,0.05090225845517433,-0.17630611692067186,1.006491959824937,0.5921621075544947,0.054200966158636184,0.0,0.033629930482438716
task_only_20260926,targets,diagnostic,circle_u100_center350_r5,128,128,0,5.188683058801878,5.66376512202956,5.669552520476733,5.669960849491907,0.0,1.0,0,3.3911764543232934,3.885606558407124,-0.09267574458407898,0.9386052943888512,3.649166662917014,0.011408123461213797,0.0,0.0027756181239639317
task_only_20260926,targets,diagnostic,circle_u100_center350_r10,128,128,0,5.20640302647017,6.070161532946383,6.0800113835370935,6.080659579734655,0.0,1.0,0,3.368655587408665,3.808683231307722,-0.07542678175311442,0.9387934954231678,3.878003344331582,0.02294175164842658,0.0,0.005766814093606391
task_only_20260926,targets,diagnostic,circle_u100_center350_r20,128,128,0,5.267578374461971,6.659409637086489,6.673476121421129,6.674574992444299,0.1484375,1.0,0,3.27525060662817,3.5069174147659754,-0.009269894270041953,0.9395186382833266,4.268818036376831,0.04647132645229738,0.0,0.012303305129308594
task_only_20260926,targets,diagnostic,circle_u100_center350_r40,128,128,0,5.368519996129903,7.180600901022756,7.229676153835896,7.233178071557629,0.2578125,1.0,0,2.8546514995062453,2.3876153997471654,0.21522942224055533,0.9421251716654812,4.769897284355939,0.09590439368344154,0.0,0.02633507500545354
task_only_20260926,targets,diagnostic,circle_u150_center25_r5,128,128,0,1.4561399200100618,1.5268765760016887,1.5278185031843643,1.52801300186772,1.0,1.0,0,0.9850299597048938,1.064844133807315,-0.07556337238902772,1.0050245514850242,1.0773228246637512,0.006194981577201565,0.0,0.004040030213636097
task_only_20260926,targets,diagnostic,circle_u150_center25_r10,128,128,0,1.442925474577773,1.5804212841011958,1.5821388377355008,1.5822885568047238,1.0,1.0,0,0.9665555958738927,1.0490832562454,-0.06905312100180773,1.0049570529106142,1.149672377358757,0.012418137684729432,0.0,0.00801973598307923
task_only_20260926,targets,diagnostic,circle_u150_center25_r20,128,128,0,1.3930435116959758,1.648528393374679,1.6513689672228002,1.6515483813828815,1.0,1.0,0,0.8942627165797659,0.9873533166369002,-0.04501688692476653,1.0046971556704276,1.2481209239193047,0.024981416889321637,0.0,0.015762609180934934
task_only_20260926,targets,diagnostic,circle_u150_center25_r40,128,128,0,1.2495535838723406,1.6335570199091922,1.6384821305589194,1.6388787402334235,1.0,1.0,0,0.6287128913342859,0.760939601318972,0.022152859333303725,1.0037800475666165,1.2661646759184686,0.05052888570610808,0.0,0.0305484746301316
task_only_20260926,targets,diagnostic,circle_u150_center350_r5,128,128,0,3.761908561395801,3.8776733916532162,3.879000959698992,3.879049454841325,0.0,1.0,0,-1.0120528296697593,1.7851701324596123,-3.1140978867837625,1.0373537887491007,1.5358868638078338,0.011274934772398548,0.0,0.0038049489762260096
task_only_20260926,targets,diagnostic,circle_u150_center350_r10,128,128,0,3.807922252211436,4.010631100438032,4.012370131137828,4.012451166513345,0.0,1.0,0,-1.0051713186971007,1.7559744997708102,-3.07446591479147,1.0371455744023725,2.040730987915218,0.02418868805877703,0.0,0.008547981746270958
task_only_20260926,targets,diagnostic,circle_u150_center350_r20,128,128,0,3.957048020631098,4.318814795200746,4.329758045876781,4.330765669610653,0.0,1.0,0,-0.979578572862393,1.6392496999754007,-2.917466340237959,1.0363322481850337,2.9577766680261908,0.055238728025655,0.0,0.02059643544217345
task_only_20260926,targets,diagnostic,circle_u150_center350_r40,128,128,0,4.1938281967498146,5.139572950240902,5.2166067267967335,5.220906458279109,0.1640625,1.0,0,-0.9075504734927538,1.1820861394483029,-2.3232650910942896,1.0331916146013285,4.2498941854890555,0.1383907316418596,0.0,0.04960681016815636
task_only_20260926,zero,diagnostic,exact_zero,1,1,0,0.0,0.0,0.0,0.0,1.0,1.0,0,,,,,,,,
junction_task_only_20260926,on_grid,test,all,8272,8272,0,3.2655240807987314,10.95646608188537,23.4221022812738,112.84775466536794,0.4433027079303675,0.934115087040619,0,,,,,,,,
junction_task_only_20260926,on_grid,test,core,71,71,0,1.1454151641911732,2.318138480490653,2.365629466498949,2.373451012855231,1.0,1.0,0,,,,,,,,
junction_task_only_20260926,on_grid,test,transition,1139,1139,0,1.83885922123635,8.750943542702592,34.92005000071866,88.51025301043099,0.7901668129938543,0.9543459174714662,0,,,,,,,,
junction_task_only_20260926,on_grid,test,tip,100,100,0,3.628920223956183,6.031018499815445,6.497321366125779,7.148353545660105,0.38,1.0,0,,,,,,,,
junction_task_only_20260926,on_grid,test,outer,4187,4187,0,3.6140084146533367,10.268725044758838,17.75217350086606,112.84775466536794,0.3639837592548364,0.9455457368043946,0,,,,,,,,
junction_task_only_20260926,on_grid,train,all,58629,58629,0,3.237157057084711,9.793583012411043,16.785322349636253,109.34990533024127,0.44923160893073394,0.9525831926179877,0,,,,,,,,
junction_task_only_20260926,on_grid,train,core,417,417,0,0.9720735811830702,1.9762481310615214,2.4481665689642202,5.452042611249994,0.9952038369304557,1.0,0,,,,,,,,
junction_task_only_20260926,on_grid,train,transition,5726,5726,0,1.6130580521896722,7.602459010195455,24.962484623692134,64.89332876161328,0.8014320642682501,0.9648969612294795,0,,,,,,,,
junction_task_only_20260926,on_grid,train,tip,1182,1182,0,2.6762001390958896,7.479472077866147,8.600589307259884,9.187073771492779,0.5473773265651438,1.0,0,,,,,,,,
junction_task_only_20260926,on_grid,train,outer,35986,35986,0,3.533607527350285,9.43639038558378,15.473058009848963,109.34990533024127,0.3750625243150114,0.9568443283499138,0,,,,,,,,
junction_task_only_20260926,on_grid,validation,all,7795,7795,0,3.4653497592570743,11.478637107151437,21.187601155716067,139.47604356843465,0.41103271327774216,0.931494547787043,0,,,,,,,,
junction_task_only_20260926,on_grid,validation,core,38,38,0,0.8305228882466111,2.0625091175642902,2.157062475012251,2.1953819390441005,1.0,1.0,0,,,,,,,,
junction_task_only_20260926,on_grid,validation,transition,634,634,0,1.6060877354892409,11.897080336398705,47.40137534757507,99.4740344233595,0.7981072555205048,0.9400630914826499,0,,,,,,,,
junction_task_only_20260926,on_grid,validation,tip,109,109,0,3.172688398292674,8.520612910859485,8.818800013962976,9.143443646209981,0.48623853211009177,1.0,0,,,,,,,,
junction_task_only_20260926,on_grid,validation,outer,4553,4553,0,3.660269776756988,10.39875158845382,16.795046680306,139.47604356843465,0.3656929497034922,0.9459696903140786,0,,,,,,,,
junction_task_only_20260926,targets,diagnostic,fixed_circle_r40_u100,121,121,0,0.45629270971288993,0.6456760316687667,0.6489467859256436,0.6492541420278494,1.0,1.0,0,-0.1271135915310896,-0.305825175990204,0.07692959373249593,1.0050152673762789,0.3619753001520287,0.05321144250263059,0.0,0.0
junction_task_only_20260926,targets,diagnostic,retry17_rounded_rectangle_0,360,360,0,3.4117271758062273,6.665266812898763,7.235105036010013,7.269361885279352,0.4027777777777778,1.0,0,0.4141255534812081,-0.2460267178441848,1.2647122751644906,1.0036046061983703,5.8633653997032145,0.4135769188675577,0.0,0.061125924203382864
junction_task_only_20260926,targets,diagnostic,retry17_rounded_rectangle_1,360,360,0,2.9939552661098476,5.867131188660503,7.018408604861359,7.100259517796473,0.5027777777777778,1.0,0,1.0488970700300222,-1.020126056841684,1.795416612444892,1.0037677810246206,4.914310251620403,0.27364726022832964,0.0,0.0805488477687835
junction_task_only_20260926,targets,diagnostic,retry17_rounded_rectangle_2,360,360,0,4.603108248035875,11.688289999362077,15.155628870123774,15.613953412209955,0.22777777777777777,0.9333333333333333,0,0.40087278378207597,0.2885573389191763,-0.06050805553261972,1.0023792010321848,10.108193466272088,0.9981087769054802,0.0,0.08350567934916434
junction_task_only_20260926,targets,diagnostic,retry19_exact_seam_rectangle_0,120,120,0,1.1626632289608525,1.7420168714262538,1.7512174557900686,1.75269948066497,1.0,1.0,0,0.5610472682861541,0.32937762236559387,0.10950619264212708,1.0043691056798947,,0.17372671531292058,0.0,0.028501925839213637
junction_task_only_20260926,targets,diagnostic,retry19_exact_seam_rectangle_1,120,120,0,1.182276535604537,1.805495755023509,1.8393700813986287,1.8423661379806415,1.0,1.0,0,0.6398655905558678,0.29532840643361363,0.049604800955964895,1.0066309568013645,,0.16392197875936726,0.0,0.03414070056630874
junction_task_only_20260926,targets,diagnostic,retry19_exact_seam_rectangle_2,120,120,0,1.1944931662946017,1.9764757570195242,2.01920930663939,2.0221170076769326,1.0,1.0,0,0.8749499381831061,0.24964613531545313,-0.20251474272594824,1.0043736873072242,0.655326380197035,0.14680979356754656,0.0,0.12849207998721862
junction_task_only_20260926,targets,diagnostic,retry19_seam_between_rectangle_0,120,120,0,1.1012350861099365,1.7127377016945897,1.7394503045351704,1.7424979887757877,1.0,1.0,0,0.6649481243009236,0.2791043704290568,0.018660959241321214,1.0108734858694206,1.6197702465900017,0.15482331301126404,0.0,0.028947989218847038
junction_task_only_20260926,targets,diagnostic,retry19_seam_between_rectangle_1,120,120,0,1.1773264815222437,1.8701824905830082,1.9184453301709514,1.9208691975104606,1.0,1.0,0,0.7954888652535814,0.2317408360019947,-0.07792185543607384,1.0119824548129448,1.5862267340724086,0.1410912176849534,0.0,0.037376502685602275
junction_task_only_20260926,targets,diagnostic,retry19_seam_between_rectangle_2,120,120,0,1.2366779244766593,2.0492847674294024,2.0859086834715934,2.0891638357870463,1.0,1.0,0,0.9968383504769659,0.21940769839248275,-0.27926524963111365,1.0060337591003699,0.8822099045567279,0.12184459837750372,0.0,0.10196277147724285
junction_task_only_20260926,targets,diagnostic,retry19_slanted_ellipse,120,120,0,1.1715059732184243,1.8050855622324962,1.8361290732268003,1.8395164973573612,1.0,1.0,0,0.7416182233643561,0.2543561357298757,-0.031784446672074015,1.0123502873854862,1.6256745634750425,0.17250325767784203,0.0,0.02208029403935872
junction_task_only_20260926,targets,diagnostic,retry19_spiral_3d,120,120,0,1.3498025384527672,1.8309561493664888,1.8552645629949214,1.858011706081935,1.0,1.0,0,0.6262626196772592,0.34768143922299427,0.05577386626820341,0.9963083125329408,,0.1111775504412363,0.0,6.616853760816103
junction_task_only_20260926,targets,diagnostic,retry19_star,120,120,0,1.2539185451735946,1.7296119836850845,1.772565727277956,1.7762616040459442,1.0,1.0,0,0.9026153347854171,0.2350824506393499,-0.13375033020741686,1.0152280122027992,1.5314625419404229,0.17744575331599252,0.0,0.06834159217467821
junction_task_only_20260926,targets,diagnostic,retry19_zero_to_boundary_0,120,120,0,1.2542996527855859,8.258853954493613,8.577763290333444,8.600933060334286,0.75,1.0,0,1.6683140850413984,0.40578752688253983,-0.07949540424739433,1.0131645751761122,1.438186053471083,0.31620970548003247,0.0,11.647751458213634
junction_task_only_20260926,targets,diagnostic,retry19_zero_to_boundary_1,120,120,0,1.7084432025129366,7.949178829012946,8.202780611841991,8.21276273024436,0.7166666666666667,1.0,0,1.7087414109439518,0.6106823954651454,0.24081338691677967,1.00341371440796,0.9350472368807455,0.3032950717395813,0.0,8.936212461495469
junction_task_only_20260926,targets,diagnostic,retry19_zero_to_boundary_2,120,120,0,1.5091533535235562,8.091597823722324,8.339239689032931,8.35883385224788,0.7333333333333333,1.0,0,1.6314523280583841,0.4155507827310317,0.2818993309469766,1.0050763099270459,0.7738425718045936,0.3238371324726591,0.0,9.682159618867365
junction_task_only_20260926,targets,diagnostic,off_grid_test,3000,3000,0,2.61814936202009,8.950799459348593,21.62596083344699,94.5185401169328,0.5766666666666667,0.9583333333333334,0,,,,,,,,
junction_task_only_20260926,targets,diagnostic,large_star,407,407,0,2.9774144161874307,17.83196051806727,28.194841451638307,31.272716112486254,0.5061425061425061,0.8918918918918919,0,0.9499983334005228,1.02319236064544,-0.17236227675443974,0.9979403223800463,11.988298760405801,3.7829307942194155,0.0,0.540586634361472
junction_task_only_20260926,targets,diagnostic,large_helix,523,523,0,3.356024747429087,12.412159598967078,23.854481177548404,38.23775543519503,0.3824091778202677,0.9063097514340345,0,-0.20662895687289934,-0.3813555804876571,-0.36251886923565096,0.999532562543037,,2.9640716876227517,0.0,7.786217898493723
junction_task_only_20260926,targets,diagnostic,large_tapered_helix,574,574,0,7.4258041510086965,14.079022678850954,16.723526514560668,18.93206920716782,0.03832752613240418,0.7665505226480837,0,-5.434312716812702,0.4993390218049075,-0.4067019654256427,0.9903348572553725,,0.5642453424293383,0.0,4.718810998257379
junction_task_only_20260926,targets,diagnostic,circle_u100_center25_r5,128,128,0,0.37929958739951264,0.42065638145022793,0.4211236398432684,0.42122168561038376,1.0,1.0,0,-0.009319360425044665,-0.3588207049539336,-0.12101061911193414,1.0080708140212924,0.054538927173930496,0.0053356584022493355,0.0,0.0038889656391024553
junction_task_only_20260926,targets,diagnostic,circle_u100_center25_r10,128,128,0,0.37220972031468236,0.46383459453899384,0.4652369528529408,0.46533654291499155,1.0,1.0,0,-0.007334971349130803,-0.34999126455283913,-0.12125333427921055,1.0080158174259122,0.09397174330808555,0.01074260690396068,0.0,0.00776717906634743
junction_task_only_20260926,targets,diagnostic,circle_u100_center25_r20,128,128,0,0.4015302917169853,0.5454545563950144,0.5485666714612926,0.5486949842955726,1.0,1.0,0,-0.00030178914851158867,-0.31568786528531106,-0.12188461862020182,1.0078075230633716,0.20401913554638496,0.021794279867864436,0.0,0.01552181833226554
junction_task_only_20260926,targets,diagnostic,circle_u100_center25_r40,128,128,0,0.5295223607294641,0.710921429000162,0.7212845108230237,0.7218570904928359,1.0,1.0,0,0.014347429448051396,-0.19339436258240722,-0.11920054211883245,1.0069583421440136,0.41869464178727606,0.04510528861829483,0.0,0.03098259184882409
junction_task_only_20260926,targets,diagnostic,circle_u100_center350_r5,128,128,0,5.527558250868511,5.8196277936731295,5.823558753478319,5.823801305335131,0.0,1.0,0,2.967970415128522,4.179198960695521,2.0165857369307805,0.946418728851584,3.1494126606835815,0.015180522317176464,0.0,0.0019305956575864165
junction_task_only_20260926,targets,diagnostic,circle_u100_center350_r10,128,128,0,5.51818152102159,6.078923953446474,6.08609754352006,6.086721006022451,0.0,1.0,0,2.9562156754922992,4.102779212491799,2.0113550160419233,0.9468541976018209,3.3070987053927636,0.0305591201202833,0.0,0.0041578776572452625
junction_task_only_20260926,targets,diagnostic,circle_u100_center350_r20,128,128,0,5.481941415775621,6.48004823671369,6.49416871016894,6.495388908166957,0.0,1.0,0,2.9056159041055736,3.8015159870397692,1.9923080944844007,0.9485406483884657,3.5718160285477807,0.061903711995118064,0.0,0.009516161061120266
junction_task_only_20260926,targets,diagnostic,circle_u100_center350_r40,128,128,0,5.551012019489469,6.781626450459014,6.823732648051433,6.826995443251917,0.046875,1.0,0,2.6447546714377674,2.6659274544569187,1.9366020092577871,0.954455754569251,4.239016035566046,0.1269757779914758,0.0,0.022510595957069526
junction_task_only_20260926,targets,diagnostic,circle_u150_center25_r5,128,128,0,1.6584939320809267,1.6853761235808387,1.6858543880404886,1.6858820463768713,1.0,1.0,0,1.1386923075891608,1.2037982600902817,-0.07708370800884502,1.0061454185444911,1.1854355407036943,0.0057518730547969875,0.0,0.003924230492756613
junction_task_only_20260926,targets,diagnostic,circle_u150_center25_r10,128,128,0,1.6357173333333945,1.7025573917567562,1.7037815946618131,1.703883804812581,1.0,1.0,0,1.1206940962397283,1.1905857167210734,-0.0739120868636277,1.0060720554886722,1.2195927633209536,0.011574609322232858,0.0,0.007800182753860343
junction_task_only_20260926,targets,diagnostic,circle_u150_center25_r20,128,128,0,1.5698451838699978,1.7300074527289413,1.734439206629944,1.7347994287424848,1.0,1.0,0,1.0496923177854174,1.1389138583043967,-0.06079636759445198,1.005777446850174,1.2659268615898278,0.023494996971197613,0.0,0.015438762164741127
junction_task_only_20260926,targets,diagnostic,circle_u150_center25_r40,128,128,0,1.4137580343586673,1.7498846740095004,1.7655584922249354,1.7664818505439521,1.0,1.0,0,0.7807821262379288,0.9500540947231736,-0.004832131240560798,1.0046781717865092,1.2483252066070594,0.04840298932694161,0.0,0.030621285513900993
junction_task_only_20260926,targets,diagnostic,circle_u150_center350_r5,128,128,0,3.906709106356148,3.9789215586571407,3.9803558875216325,3.980496121782871,0.0,1.0,0,-3.5602613692379896,1.2827586107680344,-0.636753257206161,1.0373922718763517,3.7795047190829822,0.009137939335830809,0.0,0.005978549957876786
junction_task_only_20260926,targets,diagnostic,circle_u150_center350_r10,128,128,0,4.036546294471112,4.165350467107678,4.173323792126112,4.173813324565995,0.0,1.0,0,-3.521739148404014,1.2468486108658923,-0.6549023367555327,1.0369975078101483,3.9357233924973367,0.019753333966500003,0.0,0.012597003263619141
junction_task_only_20260926,targets,diagnostic,circle_u150_center350_r20,128,128,0,4.211387310625478,4.746725383421637,4.779867575633009,4.7825381740204564,0.0,1.0,0,-3.3686156501152986,1.1078700506973234,-0.719175407768148,1.0354729923571206,4.128145514135051,0.0461737863365787,0.0,0.02679184390619814
junction_task_only_20260926,targets,diagnostic,circle_u150_center350_r40,128,128,0,4.423673068096071,5.956039075599429,6.083529019681109,6.0905107490544745,0.1171875,1.0,0,-2.7850892234350404,0.6181417992232726,-0.8591969187989048,1.0301575599399717,4.192467853637105,0.12455191460976751,0.0,0.05367077272431395
junction_task_only_20260926,zero,diagnostic,exact_zero,1,1,0,0.0,0.0,0.0,0.0,1.0,1.0,0,,,,,,,,
