arm,group,split,case,count,finite_count,nonfinite_count,p50_mm,p95_mm,p99_mm,max_mm,within_3mm,within_10mm,bounds_violations,centroid_dx_mm,centroid_dy_mm,centroid_dz_mm,centered_rms_scale_ratio,plane_p95_mm,beta_step_max_deg,beta_step_gt7deg_rate,endpoint_beta_gap_deg
original_L0,on_grid,test,all,8272,8272,0,19.186414182241673,53.02106847249165,76.7853782586478,156.6309879495537,0.0042311411992263055,0.14941972920696325,0,,,,,,,,
original_L0,on_grid,test,core,71,71,0,91.27013056892538,124.16354866763956,154.64926857162587,156.6309879495537,0.0,0.0,0,,,,,,,,
original_L0,on_grid,test,transition,1139,1139,0,27.001694835996737,59.48213544367145,84.11685708334828,126.19005053907334,0.000877963125548727,0.050921861281826165,0,,,,,,,,
original_L0,on_grid,test,tip,100,100,0,21.699110322551483,34.153618784655116,40.99083840246518,58.746958315274306,0.0,0.09,0,,,,,,,,
original_L0,on_grid,test,outer,4187,4187,0,18.026336578918514,48.96847432131967,68.04632064634208,93.23370159097252,0.0033436828278003345,0.1478385478863148,0,,,,,,,,
original_L0,on_grid,train,all,58629,58629,0,19.10583914094706,50.63761594106925,73.09187516012392,162.8434227232317,0.004315270599873783,0.13302290675263095,0,,,,,,,,
original_L0,on_grid,train,core,417,417,0,77.64688060434035,130.9621120636128,153.30321120261317,162.8434227232317,0.0,0.0,0,,,,,,,,
original_L0,on_grid,train,transition,5726,5726,0,25.343705098397788,56.7722356873247,76.04893051542612,112.92306107827136,0.0022703457911281873,0.048201187565490744,0,,,,,,,,
original_L0,on_grid,train,tip,1182,1182,0,16.38306076630507,38.65159314382977,49.32622247752378,57.96258149535649,0.001692047377326565,0.1260575296108291,0,,,,,,,,
original_L0,on_grid,train,outer,35986,35986,0,18.606914201344814,47.83677690028848,67.91015800186322,106.18023515789915,0.0038348246540321237,0.13016172956149613,0,,,,,,,,
original_L0,on_grid,validation,all,7795,7795,0,19.717122777257632,51.031887649761366,73.02502302147623,154.6306398764211,0.0025657472738935213,0.14175753688261705,0,,,,,,,,
original_L0,on_grid,validation,core,38,38,0,86.46900082076135,126.83790914647268,145.5667555892088,154.6306398764211,0.0,0.0,0,,,,,,,,
original_L0,on_grid,validation,transition,634,634,0,24.65632548482732,65.21702933684928,76.93404379649401,92.54443722313346,0.0015772870662460567,0.07097791798107256,0,,,,,,,,
original_L0,on_grid,validation,tip,109,109,0,21.468863743821615,41.869534176347585,47.571513420113305,50.691906343832756,0.0,0.13761467889908258,0,,,,,,,,
original_L0,on_grid,validation,outer,4553,4553,0,19.358645869489756,47.9723171024216,68.37567362092706,94.61484903069538,0.0015374478365912585,0.12848671205798376,0,,,,,,,,
original_L0,targets,diagnostic,fixed_circle_r40_u100,121,121,0,88.33909263816146,89.84964574842826,89.89917355303585,89.90503752533786,0.0,0.0,0,81.88503070392505,1.1008256321550882,-4.872341587405351,1.811699373202731,84.37567580678818,0.2956598414297783,0.0,0.0
original_L0,targets,diagnostic,retry17_rounded_rectangle_0,360,360,0,19.279832325058784,38.61976392071923,41.0228831858089,41.17060127834281,0.0,0.0,0,-6.331997659969037,-1.9662327838425755,0.4922107717280626,1.0144047338620685,19.924251968180563,0.37827033702643953,0.0,0.10488182357377705
original_L0,targets,diagnostic,retry17_rounded_rectangle_1,360,360,0,17.00350092018258,23.793594454718008,24.486641603921925,24.61319361429651,0.0,0.10555555555555556,0,-8.832770875002721,-2.9886766200307053,10.236613146958486,1.0047143537409107,10.317132870062961,0.22903290479684266,0.0,0.05293439295442195
original_L0,targets,diagnostic,retry17_rounded_rectangle_2,360,360,0,18.229402625586147,28.367021631333177,29.205303225512207,29.259830961299276,0.0,0.044444444444444446,0,-16.08188585142675,6.140094198715111,3.9765322111706745,1.0002732180679863,13.631337813197717,0.18109691631418745,0.0,0.08530223254428924
original_L0,targets,diagnostic,retry19_exact_seam_rectangle_0,120,120,0,126.45091165322381,156.1369034035191,156.57790582503043,156.59460382118723,0.0,0.0,0,122.51459618196304,1.7300389527373778,-3.711754325348089,1.3610180821204751,,0.31501308697710856,0.0,0.2512373695408781
original_L0,targets,diagnostic,retry19_exact_seam_rectangle_1,120,120,0,124.3706433205245,155.85563859877212,157.1396766425249,157.25999023411828,0.0,0.0,0,121.03998245080935,1.411371118422422,-2.9389264839400555,1.4667760201471323,,0.2562354004866746,0.0,0.21003812203461075
original_L0,targets,diagnostic,retry19_exact_seam_rectangle_2,120,120,0,112.98391756018017,146.2807703504711,146.75301246382867,146.77667628961882,0.0,0.0,0,116.29265963635336,-1.1051268465339994,-2.646018120044143,1.870522553484765,81.94065081111546,0.3858979507820513,0.0,0.16343213613499033
original_L0,targets,diagnostic,retry19_seam_between_rectangle_0,120,120,0,126.60864954190008,146.34310051906198,146.72299660040088,146.74276479488003,0.0,0.0,0,119.57546410766996,-1.2012833707850978,-3.718816900152555,1.6112840836431315,121.51222717262605,0.3088022172059588,0.0,0.2584300790052172
original_L0,targets,diagnostic,retry19_seam_between_rectangle_1,120,120,0,122.8529566303827,144.52261554733155,144.94037646905633,144.96825756064933,0.0,0.0,0,117.82680938611945,1.3283575335223314,-2.8385430665891422,1.7174221118923827,121.24260926426271,0.2726646734831998,0.0,0.2378017204328019
original_L0,targets,diagnostic,retry19_seam_between_rectangle_2,120,120,0,114.44805657621924,142.00782848562002,142.397310843774,142.4332770659337,0.0,0.0,0,115.02202295029868,1.5584283387876972,-2.44348191804724,1.9359139217295307,110.18447211665193,0.3189123245803925,0.0,0.22094496530613583
original_L0,targets,diagnostic,retry19_slanted_ellipse,120,120,0,123.57639736291738,144.2417709956006,144.53138914036964,144.56354182383248,0.0,0.0,0,118.63437610025953,1.6697924851452401,-3.083050867048486,1.6606880577457122,120.89576838287115,0.2846590192742711,0.0,0.17322753787434106
original_L0,targets,diagnostic,retry19_spiral_3d,120,120,0,124.00197165420794,158.4232972596541,160.89764678630922,161.6954350060466,0.0,0.0,0,123.74088059742894,-0.6169789411792971,-2.781419921783747,1.4206930789513452,,0.3866468169915197,0.0,1.2953233914215272
original_L0,targets,diagnostic,retry19_star,120,120,0,120.78135914479668,141.9091129639893,142.3398355727429,142.36441038326822,0.0,0.0,0,120.87466129209872,0.8728883076175469,-2.8567775111344305,1.7776468658855078,115.08369795700546,0.33802446119834434,0.0,0.20691898007994958
original_L0,targets,diagnostic,retry19_zero_to_boundary_0,120,120,0,26.076266922345894,36.6703962031814,36.853853877807026,36.8610995636563,0.0,0.0,0,6.718834050103471,12.44492902524578,-14.057647355413486,1.0692255164217035,22.194688305419675,0.16121082054569533,0.0,11.97878240463463
original_L0,targets,diagnostic,retry19_zero_to_boundary_1,120,120,0,30.150947008349497,33.794250406422776,33.890451780838916,33.895926194621964,0.0,0.0,0,-7.367842971030098,-13.320686028018352,-18.9883796922891,1.04170080138885,3.4267174192340013,0.16405602122182877,0.0,9.563758995259645
original_L0,targets,diagnostic,retry19_zero_to_boundary_2,120,120,0,31.19316837688508,35.72082140492754,35.81312299327304,35.822518497325426,0.0,0.0,0,-7.34773287586119,-12.86654893767066,-19.412312777926417,1.049388826846757,5.152874562226519,0.16278517914938326,0.0,9.916932709315372
original_L0,targets,diagnostic,off_grid_test,3000,3000,0,18.312899582790138,46.66265058529183,80.13549989379487,141.39316775362192,0.005333333333333333,0.18933333333333333,0,,,,,,,,
original_L0,targets,diagnostic,large_star,407,407,0,22.152540354913555,49.751506602524586,67.25048762389588,79.29599372195233,0.0,0.10319410319410319,0,0.33074494671007254,5.1480925849488965,1.3752848146395553,0.9859632371356144,27.568243536320256,0.7986879571520294,0.0,0.5987589286356475
original_L0,targets,diagnostic,large_helix,523,523,0,19.188465323081438,39.18600027917885,52.24870029448278,53.01027088756164,0.0,0.16061185468451242,0,-1.3543722789108064,2.0543134636799234,-1.0700295773637716,1.0001625042449855,,0.35039724215811663,0.0,9.83037417553105
original_L0,targets,diagnostic,large_tapered_helix,574,574,0,39.77251833472498,55.80971743174459,58.68848790874844,59.250770398690115,0.0,0.024390243902439025,0,16.26357986621289,1.5562026470266759,0.8380755100619318,0.9341046820195926,,0.09703849857035456,0.0,2.8155369511246597
original_L0,targets,diagnostic,circle_u100_center25_r5,128,128,0,94.93746483234307,96.86233752111316,96.88719320134697,96.88937892214999,0.0,0.0,0,91.56888634189157,24.248615170428547,-4.492598145303537,1.8723747291219552,94.58525503640121,0.03388671624676211,0.0,0.03344178011514602
original_L0,targets,diagnostic,circle_u100_center25_r10,128,128,0,94.43609304363972,98.2485576973581,98.30025438304787,98.30350420778483,0.0,0.0,0,90.82633668322804,23.864238433324633,-4.47674424222277,1.865902784905445,96.81984856077729,0.06812733501010873,0.0,0.06636733399921396
original_L0,targets,diagnostic,circle_u100_center25_r20,128,128,0,92.46523205212873,99.83649866443332,99.93353457705284,99.94178867142378,0.0,0.0,0,87.91754026290086,22.38896092267658,-4.413573843663544,1.8406082373755146,99.46096483022352,0.13727858474591112,0.0,0.13034452867574658
original_L0,targets,diagnostic,circle_u100_center25_r40,128,128,0,85.10423913760737,98.00492118754984,98.18856229631032,98.20141006486745,0.0,0.0,0,77.20569605901095,17.369784093434692,-4.165329851632621,1.7482328777717506,96.67130883080586,0.2755847861266852,0.0,0.24885331335542632
original_L0,targets,diagnostic,circle_u100_center350_r5,128,128,0,13.238558079512696,14.243486010510104,14.25622633890684,14.257104368440443,0.0,0.0,0,-4.912446061369526,10.784230553682285,5.806205213164967,0.9338542703804531,5.874618498068029,0.015575819515390953,0.0,0.004776943592057004
original_L0,targets,diagnostic,circle_u100_center350_r10,128,128,0,13.200268037181523,15.082409697489798,15.104601469789499,15.105673763936917,0.0,0.0,0,-4.855369083269449,10.61248394473717,5.79944071246103,0.9335362955187666,6.7580304341614434,0.031247261679162083,0.0,0.009071344991423185
original_L0,targets,diagnostic,circle_u100_center350_r20,128,128,0,13.045912290637158,16.30805124457178,16.33478369294513,16.33729345039351,0.0,0.28125,0,-4.630441160602008,9.9284632769952,5.772314665759963,0.9322621566054216,8.330517222130561,0.06292098329462684,0.0,0.016267989818662988
original_L0,targets,diagnostic,circle_u100_center350_r40,128,128,0,12.41393333951298,17.203174994155486,17.234894353347773,17.236996977943743,0.0,0.421875,0,-3.783052278989684,7.239583945123359,5.662703820031015,0.9272991174560795,10.666764536603267,0.12763873322779015,0.0,0.025607019528612492
original_L0,targets,diagnostic,circle_u150_center25_r5,128,128,0,140.31620300992762,143.5893096467645,143.6341716747122,143.63683629200443,0.0,0.0,0,137.79126353904246,25.868224926228255,0.801943221377297,2.2003921114511065,142.08681534067873,0.040713690425388194,0.0,0.04023432320344437
original_L0,targets,diagnostic,circle_u150_center25_r10,128,128,0,139.54653740412363,146.06821689219186,146.15967637201902,146.16413765901754,0.0,0.0,0,136.77498847316062,25.25020636065293,0.743905694331185,2.1902894928578953,145.31449847112572,0.08182179759491819,0.0,0.07993090241188246
original_L0,targets,diagnostic,circle_u150_center25_r20,128,128,0,136.53575805735602,149.24407172197115,149.4148049561188,149.42710484498656,0.0,0.0,0,132.79945452953757,22.89208565196982,0.5254416927349449,2.1508802297993057,149.16496341942513,0.16487465674645183,0.0,0.15742660226081737
original_L0,targets,diagnostic,circle_u150_center25_r40,128,128,0,125.47714639411235,147.71017417103988,148.027555708645,148.04262556713206,0.0,0.0,0,118.25299419776209,15.05023751168608,-0.1642599434796415,2.0080990611005047,144.9745364195225,0.3318385109454945,0.0,0.30291696202925483
original_L0,targets,diagnostic,circle_u150_center350_r5,128,128,0,13.289907226381285,14.508450103494667,14.525051099587905,14.526207024029759,0.0,0.0,0,-11.02401569822772,4.363765253875576,5.942988914553058,1.2185645578789657,11.702257025486517,0.008860096044935418,0.0,0.008188943247595717
original_L0,targets,diagnostic,circle_u150_center350_r10,128,128,0,13.338767184345903,15.801173364709873,15.835929634801593,15.837674379713503,0.0,0.0,0,-10.989891728020172,4.35502364723326,5.9372521688095015,1.2178633282532236,12.29512456397569,0.018382463640257536,0.0,0.015768872411042984
original_L0,targets,diagnostic,circle_u150_center350_r20,128,128,0,13.532488662163193,18.372612859558053,18.431469538429813,18.437107857935732,0.0,0.0,0,-10.852855543183939,4.318225667609885,5.9141983209974205,1.2150706723663582,13.233412694638725,0.03949580899943674,0.0,0.02921326352759669
original_L0,targets,diagnostic,circle_u150_center350_r40,128,128,0,14.281021219916,22.477563611377402,22.551744042295887,22.556523097750848,0.0,0.0703125,0,-10.297182192514075,4.14221811209578,5.820910668399608,1.2040881297683594,14.011057567947182,0.09091412674174064,0.0,0.04983828954799632
original_L0,zero,diagnostic,exact_zero,1,1,0,14.56088946613186,14.56088946613186,14.56088946613186,14.56088946613186,0.0,0.0,0,,,,,,,,
original_L1,on_grid,test,all,8272,8272,0,19.219657712282583,53.28756007840295,76.8726918011378,156.75210546778425,0.004352030947775629,0.1496615087040619,0,,,,,,,,
original_L1,on_grid,test,core,71,71,0,91.27415065312019,124.14772297720631,154.76424560479066,156.75210546778425,0.0,0.0,0,,,,,,,,
original_L1,on_grid,test,transition,1139,1139,0,27.060752161776982,59.29087387479666,84.13698260480845,126.06367353074225,0.000877963125548727,0.05179982440737489,0,,,,,,,,
original_L1,on_grid,test,tip,100,100,0,21.5911258618562,33.913324789424124,40.83764224054957,58.726128436211376,0.0,0.09,0,,,,,,,,
original_L1,on_grid,test,outer,4187,4187,0,18.05239012960162,49.11438650845309,68.02622852167995,93.33374815367401,0.0033436828278003345,0.14927155481251492,0,,,,,,,,
original_L1,on_grid,train,all,58629,58629,0,19.11676035823751,50.7124739885886,73.24297250443097,162.866102102263,0.004161762950075901,0.13498439338893722,0,,,,,,,,
original_L1,on_grid,train,core,417,417,0,77.66993890298028,130.99286049164465,153.35389295978723,162.866102102263,0.0,0.0,0,,,,,,,,
original_L1,on_grid,train,transition,5726,5726,0,25.309455231643582,56.83214154681531,76.07228425971401,113.0430696078353,0.0022703457911281873,0.04959832343695424,0,,,,,,,,
original_L1,on_grid,train,tip,1182,1182,0,16.028511320475452,38.80094050422243,49.33962218000872,57.990993755576085,0.0008460236886632825,0.12774957698815567,0,,,,,,,,
original_L1,on_grid,train,outer,35986,35986,0,18.600603526775288,47.82989385902647,67.88826102928074,106.25537861154812,0.003945978991830156,0.133162896682043,0,,,,,,,,
original_L1,on_grid,validation,all,7795,7795,0,19.75887677239913,51.325615380080215,73.31915126954947,154.63868045471534,0.0026940346375881976,0.1404746632456703,0,,,,,,,,
original_L1,on_grid,validation,core,38,38,0,86.37861054616182,126.77974293358487,145.55813508096003,154.63868045471534,0.0,0.0,0,,,,,,,,
original_L1,on_grid,validation,transition,634,634,0,24.45353855254389,65.23996862126936,76.90008711937652,92.52851008811352,0.0015772870662460567,0.07255520504731862,0,,,,,,,,
original_L1,on_grid,validation,tip,109,109,0,21.24711424361222,41.946049591553006,47.47648796248003,50.60315497470668,0.0,0.12844036697247707,0,,,,,,,,
original_L1,on_grid,validation,outer,4553,4553,0,19.40916258563114,48.10672603185644,68.43173414673949,94.68913842182207,0.001317812431363936,0.12848671205798376,0,,,,,,,,
original_L1,targets,diagnostic,fixed_circle_r40_u100,121,121,0,88.34319408220526,89.8850844685666,89.95363825433742,89.956573504212,0.0,0.0,0,81.90410084724056,1.3844432202430355,-4.695317340222308,1.8116876574343164,84.2668657335397,0.2954632971501969,0.0,0.0
original_L1,targets,diagnostic,retry17_rounded_rectangle_0,360,360,0,19.04573493732477,38.44735594942698,40.85770682090307,41.0059509640041,0.0,0.0,0,-6.235260605188296,-1.7540951093607473,0.5938963305811771,1.0139881844447465,19.960452798449868,0.3785177713012938,0.0,0.1048314509286482
original_L1,targets,diagnostic,retry17_rounded_rectangle_1,360,360,0,16.99437415009325,23.95769990523681,24.681394274492405,24.809031382018006,0.0,0.10833333333333334,0,-8.760543783443843,-2.81077268439997,10.356255412078065,1.0044338379273023,10.3280461295162,0.2292690132306709,0.0,0.052913475500088784
original_L1,targets,diagnostic,retry17_rounded_rectangle_2,360,360,0,18.230888781803483,28.515861731436594,29.346129367866396,29.399825172204803,0.0,0.041666666666666664,0,-16.18951435674798,6.128926646507457,4.129730685950201,0.9994603255485089,13.586560825826954,0.1807814469518975,0.0,0.08532571131956117
original_L1,targets,diagnostic,retry19_exact_seam_rectangle_0,120,120,0,126.45055549189595,156.12020065421407,156.5434943998842,156.56341243126388,0.0,0.0,0,122.50464339068986,1.9962180955205013,-3.478925014436838,1.3609516792788743,,0.3150100987693467,0.0,0.25093625424801574
original_L1,targets,diagnostic,retry19_exact_seam_rectangle_1,120,120,0,124.42015596038979,155.79522325944345,157.07139947006735,157.1918086193637,0.0,0.0,0,121.02836065191035,1.675873960529802,-2.6976876173853004,1.4664552116931833,,0.256201996592765,0.0,0.20988468290212348
original_L1,targets,diagnostic,retry19_exact_seam_rectangle_2,120,120,0,112.97525537595368,146.24056291303043,146.71078740370862,146.73480173238545,0.0,0.0,0,116.29128260905644,-0.8573347700434559,-2.39873151287644,1.8708388415749468,82.15122024390399,0.3857029302049489,0.0,0.1635247427487576
original_L1,targets,diagnostic,retry19_seam_between_rectangle_0,120,120,0,126.60486366608268,146.3037503239682,146.6987385896315,146.71555304917658,0.0,0.0,0,119.56910423941856,-0.9389252062442484,-3.489690352118528,1.6111451287042555,121.63439613409156,0.30878156655589006,0.0,0.25816303795197887
original_L1,targets,diagnostic,retry19_seam_between_rectangle_1,120,120,0,122.90779561102053,144.46564473619935,144.88096090917978,144.90917351463003,0.0,0.0,0,117.81597390402924,1.5876612589990715,-2.599553659685496,1.7172427568306592,121.40669748086445,0.2725927430535031,0.0,0.23767097133547974
original_L1,targets,diagnostic,retry19_seam_between_rectangle_2,120,120,0,114.47471837454555,141.95423739726206,142.34702956142232,142.3823463350775,0.0,0.0,0,115.0181495815182,1.8064967520216269,-2.196730422422675,1.936238378181066,110.32485924982322,0.318868862165713,0.0,0.22097594920199048
original_L1,targets,diagnostic,retry19_slanted_ellipse,120,120,0,123.57522190100465,144.18689903393124,144.48012368841077,144.51141926520975,0.0,0.0,0,118.62298754177688,1.9310405794825933,-2.8464171318242006,1.6604767274103875,121.05016147087687,0.2848053347328975,0.0,0.17310529483047501
original_L1,targets,diagnostic,retry19_spiral_3d,120,120,0,124.01878225200605,158.35497433122288,160.84662237175274,161.65018739840923,0.0,0.0,0,123.73888959514666,-0.35714933337583743,-2.5411597789538694,1.4211986899144418,,0.3867202948859502,0.0,1.3082646789079972
original_L1,targets,diagnostic,retry19_star,120,120,0,120.77612924887887,141.83354155002937,142.27968669619685,142.30115527099036,0.0,0.0,0,120.86901079435451,1.1358094772415506,-2.6231872291729696,1.7777672779821891,115.20705466379192,0.33786139043191027,0.0,0.20688013337904512
original_L1,targets,diagnostic,retry19_zero_to_boundary_0,120,120,0,26.17358496313543,36.87994625100965,37.041594235709,37.051305013702425,0.0,0.0,0,6.894206082538631,12.77585464003567,-14.05226225529541,1.0693102881652827,22.38387108179625,0.16110794082132202,0.0,11.985825130081707
original_L1,targets,diagnostic,retry19_zero_to_boundary_1,120,120,0,30.055286635271056,33.58843142281373,33.67910136315067,33.68350530946365,0.0,0.0,0,-7.321850492730143,-12.910725571418475,-18.99707799801132,1.042777903750283,3.740196320589974,0.16390490328644225,0.0,9.576046452215644
original_L1,targets,diagnostic,retry19_zero_to_boundary_2,120,120,0,31.09264075734393,35.51707946100956,35.61112135776104,35.62165973938841,0.0,0.0,0,-7.314720509990416,-12.473180647213338,-19.42509893197032,1.0505914481633503,5.429953746379523,0.16268400697230245,0.0,9.931427171146932
original_L1,targets,diagnostic,off_grid_test,3000,3000,0,18.30630895726552,46.73264158253771,80.3243467019857,141.53959957757337,0.004333333333333333,0.19,0,,,,,,,,
original_L1,targets,diagnostic,large_star,407,407,0,22.283005795059974,50.23081263801337,67.93197551427309,80.00701036229214,0.0,0.09828009828009827,0,0.4100746361469763,5.4257289581246475,1.5223509556800805,0.9857524397663419,27.81521552781587,0.7992511275934382,0.0,0.5982589908049143
original_L1,targets,diagnostic,large_helix,523,523,0,19.048863165946475,39.75215325601877,52.98621983586444,53.763601674350284,0.0,0.1586998087954111,0,-1.1763452836400103,2.4339623183476826,-0.9464014802858288,0.9997210160137352,,0.3502162421451113,0.0,9.861997044253709
original_L1,targets,diagnostic,large_tapered_helix,574,574,0,40.22054622029613,55.8308773024592,59.272911435854304,59.88533005910373,0.0,0.020905923344947737,0,16.485907278942534,1.9929920775376193,1.0218295779750486,0.9333494714410732,,0.0976598590218406,0.0,2.8204431613828445
original_L1,targets,diagnostic,circle_u100_center25_r5,128,128,0,94.99125361440848,96.90407169607943,96.92913102301853,96.93113712410987,0.0,0.0,0,91.56399844338523,24.519143598232763,-4.247680716523416,1.8719323825314285,94.58067581186728,0.03385044420700964,0.0,0.03340249985731184
original_L1,targets,diagnostic,circle_u100_center25_r10,128,128,0,94.49134633470027,98.27861672782201,98.33072571918734,98.33360322748001,0.0,0.0,0,90.82259042860632,24.13509278704796,-4.234021412581657,1.8654775765408467,96.8151066267257,0.06804782066919493,0.0,0.0662904276699852
original_L1,targets,diagnostic,circle_u100_center25_r20,128,128,0,92.52623643343253,99.84656414566946,99.94106636761431,99.9500583853872,0.0,0.0,0,87.91813968766003,22.661001093441204,-4.179311447693103,1.84024759365529,99.45494172279116,0.13712715998562047,0.0,0.13019583865916656
original_L1,targets,diagnostic,circle_u100_center25_r40,128,128,0,85.17955675730889,97.97244425684545,98.15864937063681,98.16944441929569,0.0,0.0,0,77.2205624874654,17.64512083867692,-3.96043150365485,1.7480931648614868,96.68338030839328,0.2752903542806474,0.0,0.2485580010553158
original_L1,targets,diagnostic,circle_u100_center350_r5,128,128,0,13.512104385182454,14.510737932604142,14.523574836539833,14.524192922875516,0.0,0.0,0,-4.696682913788403,10.926924926986494,6.323985587449862,0.9313791478908044,5.665402679938536,0.015605701593009759,0.0,0.0047529578886826235
original_L1,targets,diagnostic,circle_u100_center350_r10,128,128,0,13.473906820435403,15.347636946331303,15.369858973458037,15.370924367045463,0.0,0.0,0,-4.639937957417928,10.754368995763715,6.3168409085397235,0.9310642806716487,6.5561174000699385,0.03131342913674658,0.0,0.009023667069365322
original_L1,targets,diagnostic,circle_u100_center350_r20,128,128,0,13.320106916493007,16.57594249396885,16.603109898917765,16.605485446936246,0.0,0.2578125,0,-4.4163298777081925,10.067175492790701,6.288173007740637,0.9298049117368758,8.142519496629141,0.06303240075546267,0.0,0.01618576074435838
original_L1,targets,diagnostic,circle_u100_center350_r40,128,128,0,12.69108187897645,17.482424845736254,17.514555672165166,17.517121630582004,0.0,0.40625,0,-3.5741770372660024,7.366289918523442,6.172503370971741,0.9249026401930212,10.516611414068821,0.12785046909206055,0.0,0.02544042694588765
original_L1,targets,diagnostic,circle_u150_center25_r5,128,128,0,140.30129132713853,143.57313481215263,143.61861757302506,143.62099302371686,0.0,0.0,0,137.72912300015844,26.10480121393398,1.1055781437017187,2.200543887954479,142.03606294469694,0.04070029685131262,0.0,0.04021951556676719
original_L1,targets,diagnostic,circle_u150_center25_r10,128,128,0,139.5326969689272,146.05345957647748,146.1442693371158,146.14907961479514,0.0,0.0,0,136.71423866197347,25.486193473123816,1.0440572803858743,2.190458157654477,145.27684002075407,0.08179519720975215,0.0,0.07990560936761226
original_L1,targets,diagnostic,circle_u150_center25_r20,128,128,0,136.52610195886442,149.23276157621012,149.40058101789378,149.41418199201104,0.0,0.0,0,132.74384995605342,23.125683610238244,0.8122511872345413,2.1511114855874713,149.149355705013,0.16482356372980894,0.0,0.1573768699459232
original_L1,targets,diagnostic,circle_u150_center25_r40,128,128,0,125.48227749326134,147.71012288136362,148.02317810059648,148.04120828259954,0.0,0.0,0,118.21243793842817,15.27415811413954,0.07764810363728351,2.0085285577976233,145.00121764660486,0.33174172769856397,0.0,0.3028202388132838
original_L1,targets,diagnostic,circle_u150_center350_r5,128,128,0,13.669818263916461,14.895456643738859,14.911933403991021,14.913147968360587,0.0,0.0,0,-11.067992485785181,4.705643819513231,6.439678237472367,1.2178546684382916,11.740185472731357,0.00885319248459268,0.0,0.008185888338767723
original_L1,targets,diagnostic,circle_u150_center350_r10,128,128,0,13.718092346755833,16.18839048945175,16.223242696660964,16.22487813523953,0.0,0.0,0,-11.033340673948882,4.696313475598617,6.433718193795485,1.2171535314295159,12.326488221513209,0.018367986173857622,0.0,0.015761281829719278
original_L1,targets,diagnostic,circle_u150_center350_r20,128,128,0,13.909803735319656,18.75011739591624,18.808539867899153,18.814026055648622,0.0,0.0,0,-10.894255784621071,4.657189198693467,6.409811402100665,1.214352910994408,13.247357764158307,0.039471089584335116,0.0,0.02919920044157
original_L1,targets,diagnostic,circle_u150_center350_r40,128,128,0,14.651147692673558,22.81513654567063,22.88850816799894,22.89307723678246,0.0,0.0625,0,-10.330573974794214,4.471904259956175,6.313073230469459,1.2033458829063457,13.971674776743736,0.09087621385576178,0.0,0.04980106665979406
original_L1,zero,diagnostic,exact_zero,1,1,0,14.219623360458163,14.219623360458163,14.219623360458163,14.219623360458163,0.0,0.0,0,,,,,,,,
warmup500,on_grid,test,all,8272,8272,0,19.219652273658404,53.28756816324883,76.87269144945222,156.75210616088353,0.004352030947775629,0.1496615087040619,0,,,,,,,,
warmup500,on_grid,test,core,71,71,0,91.27415039400096,124.14772258765404,154.764240570702,156.75210616088353,0.0,0.0,0,,,,,,,,
warmup500,on_grid,test,transition,1139,1139,0,27.060733385782004,59.29083113809797,84.1369862622402,126.06367225507014,0.000877963125548727,0.05179982440737489,0,,,,,,,,
warmup500,on_grid,test,tip,100,100,0,21.591083682958732,33.9133596971384,40.83759383846902,58.726130143637064,0.0,0.09,0,,,,,,,,
warmup500,on_grid,test,outer,4187,4187,0,18.052358471524556,49.11442796832287,68.02626676968161,93.33374216111993,0.0033436828278003345,0.14927155481251492,0,,,,,,,,
warmup500,on_grid,train,all,58629,58629,0,19.116778628426754,50.71260763123518,73.24296075119219,162.86610426192223,0.004161762950075901,0.13498439338893722,0,,,,,,,,
warmup500,on_grid,train,core,417,417,0,77.66993789624674,130.99286252307564,153.35389530894648,162.86610426192223,0.0,0.0,0,,,,,,,,
warmup500,on_grid,train,transition,5726,5726,0,25.309434087390052,56.8321648973115,76.07228245362887,113.0430734734693,0.0022703457911281873,0.04959832343695424,0,,,,,,,,
warmup500,on_grid,train,tip,1182,1182,0,16.02857414183878,38.80089442347654,49.33962463948695,57.99099159190427,0.0008460236886632825,0.12774957698815567,0,,,,,,,,
warmup500,on_grid,train,outer,35986,35986,0,18.60058729065319,47.82984827923609,67.88826854347698,106.255392595045,0.003945978991830156,0.133162896682043,0,,,,,,,,
warmup500,on_grid,validation,all,7795,7795,0,19.758760017136915,51.32564013361518,73.31915629728297,154.63868339543183,0.0026940346375881976,0.1404746632456703,0,,,,,,,,
warmup500,on_grid,validation,core,38,38,0,86.37861839050287,126.77974706136568,145.55813531396387,154.63868339543183,0.0,0.0,0,,,,,,,,
warmup500,on_grid,validation,transition,634,634,0,24.45354189197093,65.23995749676679,76.90011020373652,92.52850393169673,0.0015772870662460567,0.07255520504731862,0,,,,,,,,
warmup500,on_grid,validation,tip,109,109,0,21.24710776776036,41.94604084014715,47.476483664835975,50.603156718973715,0.0,0.12844036697247707,0,,,,,,,,
warmup500,on_grid,validation,outer,4553,4553,0,19.409153591664264,48.106702886019995,68.43174553411788,94.68908754770726,0.001317812431363936,0.12848671205798376,0,,,,,,,,
warmup500,targets,diagnostic,fixed_circle_r40_u100,121,121,0,88.34320088660687,89.88508703495049,89.9536410907577,89.95657193998154,0.0,0.0,0,81.90410013463504,1.3844426739577813,-4.695315997820778,1.8116877355365493,84.26685764755094,0.29546610526508027,0.0,0.0
warmup500,targets,diagnostic,retry17_rounded_rectangle_0,360,360,0,19.04566634543903,38.44735471221599,40.85766873704578,41.00591969747774,0.0,0.0,0,-6.235257464238859,-1.7540955858159821,0.5939016669862839,1.013988189194546,19.96040115681628,0.37851998577668877,0.0,0.1048314509286482
warmup500,targets,diagnostic,retry17_rounded_rectangle_1,360,360,0,16.994339020734778,23.957710513153025,24.68139065084488,24.809085711521416,0.0,0.10833333333333334,0,-8.760547277643774,-2.810775031436733,10.356263749055865,1.0044338595219142,10.328079829428475,0.22926945345770725,0.0,0.05291304861326566
warmup500,targets,diagnostic,retry17_rounded_rectangle_2,360,360,0,18.230889848993893,28.51583095520246,29.346128983650893,29.399851009985692,0.0,0.041666666666666664,0,-16.18950183342668,6.128942847043348,4.129747524195823,0.99946036072828,13.586503017522588,0.18077803185731248,0.0,0.08532571131956117
warmup500,targets,diagnostic,retry19_exact_seam_rectangle_0,120,120,0,126.45055741884704,156.12019979784682,156.5434917996795,156.56341572670283,0.0,0.0,0,122.50464336556728,1.9962192861702663,-3.4789206188798034,1.3609518003767591,,0.31501188635791855,0.0,0.2509356939590604
warmup500,targets,diagnostic,retry19_exact_seam_rectangle_1,120,120,0,124.42015586053445,155.79521946715982,157.07140028607435,157.19181403645027,0.0,0.0,0,121.02836033913309,1.6758779561271167,-2.6976854088920597,1.4664552448454482,,0.25620397094432196,0.0,0.2098845761804177
warmup500,targets,diagnostic,retry19_exact_seam_rectangle_2,120,120,0,112.97525623737434,146.24056199193862,146.71078737557303,146.7348016977088,0.0,0.0,0,116.29128220309376,-0.857334670081494,-2.3987337021684945,1.8708389135157861,82.15123616256483,0.385702036410663,0.0,0.163524526282954
warmup500,targets,diagnostic,retry19_seam_between_rectangle_0,120,120,0,126.60486510920586,146.30374775122385,146.69874201966945,146.7155540529267,0.0,0.0,0,119.56910445349642,-0.9389237632041488,-3.489691258986085,1.611145137881757,121.63440431071542,0.3087831173556772,0.0,0.2581635248697615
warmup500,targets,diagnostic,retry19_seam_between_rectangle_1,120,120,0,122.90779609025842,144.46564795328226,144.88095576887412,144.9091764271632,0.0,0.0,0,117.81597363818194,1.58765811157394,-2.5995491803172537,1.717242824194951,121.4066971283036,0.27259124894962217,0.0,0.23767098801074626
warmup500,targets,diagnostic,retry19_seam_between_rectangle_2,120,120,0,114.47471434108016,141.95423920380682,142.3470286692882,142.38234569386353,0.0,0.0,0,115.01814927122523,1.8064986781932217,-2.196730190967856,1.9362385049959514,110.32485033714137,0.31886854200059567,0.0,0.22097615889346708
warmup500,targets,diagnostic,retry19_slanted_ellipse,120,120,0,123.57522335546024,144.18690414407595,144.48012443913066,144.51141700467932,0.0,0.0,0,118.62298725305743,1.9310414879193623,-2.846415787324801,1.6604768391707678,121.0501605228137,0.28480544145460324,0.0,0.17310393412872632
warmup500,targets,diagnostic,retry19_spiral_3d,120,120,0,124.01878376136608,158.35497541248347,160.8466191197977,161.65018767950207,0.0,0.0,0,123.73888957521315,-0.3571423893141569,-2.5411601491999156,1.4211986939359529,,0.3867192810297453,0.0,1.3082659595684667
warmup500,targets,diagnostic,retry19_star,120,120,0,120.77612822744126,141.83354514706377,142.27968985459844,142.30115860259525,0.0,0.0,0,120.86901073134423,1.1358154919933352,-2.623183030531188,1.7777672847973551,115.20705032786402,0.3378619240404392,0.0,0.20687938632710465
warmup500,targets,diagnostic,retry19_zero_to_boundary_0,120,120,0,26.17359456809511,36.87993056969143,37.04158797461423,37.05130702826374,0.0,0.0,0,6.894207800000096,12.775850665513001,-14.052253154267976,1.06931025556804,22.383844998942664,0.1611075139344989,0.0,11.985823209091002
warmup500,targets,diagnostic,retry19_zero_to_boundary_1,120,120,0,30.05524676479059,33.588521220539945,33.679108266215295,33.68352843917377,0.0,0.0,0,-7.32185681177185,-12.910748439566104,-18.99709050827484,1.0427780799244366,3.7401730845976355,0.16390533017326536,0.0,9.576045384998586
warmup500,targets,diagnostic,retry19_zero_to_boundary_2,120,120,0,31.092635913330742,35.51707864279398,35.611159214590366,35.62164528807942,0.0,0.0,0,-7.314726088707579,-12.47319937340456,-19.42510345565452,1.0505916416905685,5.429946385391161,0.1626865682932412,0.0,9.931426103929875
warmup500,targets,diagnostic,off_grid_test,3000,3000,0,18.30632695072901,46.73253121763923,80.324346831033,141.53959606600927,0.004333333333333333,0.19,0,,,,,,,,
warmup500,targets,diagnostic,large_star,407,407,0,22.282965283960042,50.230775616342854,67.93192098095925,80.00713777708785,0.0,0.09828009828009827,0,0.41007217279778746,5.4257215642381285,1.5223437163626907,0.9857524880170154,27.81519436405599,0.7992434436306219,0.0,0.5982622991777935
warmup500,targets,diagnostic,large_helix,523,523,0,19.04891722540002,39.75215266535312,52.98622114245215,53.76356561326065,0.0,0.1586998087954111,0,-1.1763457614247106,2.4339475734342253,-0.9464048851645808,0.9997210646650814,,0.3502145345978188,0.0,9.861995630191108
warmup500,targets,diagnostic,large_tapered_helix,574,574,0,40.220700854234,55.830885131859375,59.27290674003701,59.88526043767052,0.0,0.020905923344947737,0,16.48590570864451,1.9929820990168021,1.0218217863909689,0.9333494943425072,,0.09766183337339755,0.0,2.82044124039214
warmup500,targets,diagnostic,circle_u100_center25_r5,128,128,0,94.99125275889722,96.90407237166677,96.92912827681545,96.93114053240043,0.0,0.0,0,91.56399756310529,24.51914729980422,-4.24767286954405,1.8719332410693836,94.58067431751518,0.03385223846568809,0.0,0.033404067332365506
warmup500,targets,diagnostic,circle_u100_center25_r10,128,128,0,94.4913472940346,98.27861044864379,98.33072661072337,98.33360132273695,0.0,0.0,0,90.822589801062,24.135095514998824,-4.23401409572149,1.8654776333174141,96.81510751621492,0.06804894791721225,0.0,0.06629200181514548
warmup500,targets,diagnostic,circle_u100_center25_r20,128,128,0,92.52624214464873,99.84656174868283,99.9410666914513,99.95005740606979,0.0,0.0,0,87.91813890044146,22.660999127776172,-4.1793046979939055,1.840247685296861,99.45494131494715,0.13712713997530063,0.0,0.1301931572763088
warmup500,targets,diagnostic,circle_u100_center25_r40,128,128,0,85.1795632640427,97.97244476115272,98.15864852885433,98.16944015714967,0.0,0.0,0,77.22056218783258,17.645122883484166,-3.9604291454315006,1.7480931445760028,96.68338266689948,0.27529184838452836,0.0,0.24855830788021993
warmup500,targets,diagnostic,circle_u100_center350_r5,128,128,0,13.512186444447458,14.510776870326376,14.523522099736356,14.52431153279491,0.0,0.0,0,-4.696672936749745,10.926933385035197,6.323982630197336,0.931380775579396,5.665397170068475,0.015603994045717256,0.0,0.004757653643737007
warmup500,targets,diagnostic,circle_u100_center350_r10,128,128,0,13.473861411546263,15.347633683257671,15.369835062965414,15.370959445765113,0.0,0.0,0,-4.639923373969578,10.754381255429028,6.316839661496529,0.9310637579962501,6.556054501974851,0.03130830649486907,0.0,0.009024760966849583
warmup500,targets,diagnostic,circle_u100_center350_r20,128,128,0,13.32008740040485,16.575969420695294,16.60308859033757,16.605424090837925,0.0,0.2578125,0,-4.416318420133302,10.067186298102701,6.288178172397416,0.9298052379038775,8.14250871587715,0.06303496207640143,0.0,0.016179944411393293
warmup500,targets,diagnostic,circle_u100_center350_r40,128,128,0,12.691079023117318,17.482372042016113,17.514547275759607,17.517079130004774,0.0,0.40625,0,-3.5741612811287706,7.366300351381028,6.172502697485062,0.9249025509772558,10.516617552747942,0.12785174975252994,0.0,0.02544261474085617
warmup500,targets,diagnostic,circle_u150_center25_r5,128,128,0,140.30128945946188,143.57313391108937,143.61861591454513,143.62099156577827,0.0,0.0,0,137.72911963322392,26.104811965750493,1.105579264225475,2.2005438832389053,142.03606546825242,0.04070093718154731,0.0,0.040220476062119224
warmup500,targets,diagnostic,circle_u150_center25_r10,128,128,0,139.53270048605646,146.05345864518878,146.14426907953882,146.14908034682188,0.0,0.0,0,136.71423466313215,25.48620622383103,1.0440571545307131,2.190458017228133,145.27683805704086,0.08179533061188438,0.0,0.07990528920249491
warmup500,targets,diagnostic,circle_u150_center25_r20,128,128,0,136.5261000707978,149.23276038815527,149.4005802844686,149.41418152489265,0.0,0.0,0,132.74384731596857,23.125694076142697,0.8122557127323106,2.151111442507713,149.1493556527859,0.1648224164714718,0.0,0.15737799052383392
warmup500,targets,diagnostic,circle_u150_center25_r40,128,128,0,125.48227567286904,147.71012222199212,148.02317711753727,148.0412106076726,0.0,0.0,0,118.21243711161,15.274164775473952,0.07764800210718865,2.0085286172096417,145.0012178307112,0.33174499605080354,0.0,0.30281963850368876
warmup500,targets,diagnostic,circle_u150_center350_r5,128,128,0,13.669820759120876,14.895458904554566,14.911919772598376,14.913192745889734,0.0,0.0,0,-11.067985525889315,4.705662905707305,6.4396719630466634,1.2178561572521946,11.740193192289095,0.008858555250308198,0.0,0.008187896040857737
warmup500,targets,diagnostic,circle_u150_center350_r10,128,128,0,13.7181022919198,16.18838793165353,16.223250353560474,16.224937056039003,0.0,0.0,0,-11.033337067985334,4.696338778454918,6.433711483169209,1.2171536422249094,12.326475129859492,0.0183715613510013,0.0,0.015761508613344064
warmup500,targets,diagnostic,circle_u150_center350_r20,128,128,0,13.90980335203118,18.750074962422207,18.808557334726725,18.814110542775506,0.0,0.0,0,-10.894254152249841,4.657214181960705,6.409810195336984,1.214352917020046,13.247342879049583,0.03946859496446247,0.0,0.02919897699299852
warmup500,targets,diagnostic,circle_u150_center350_r40,128,128,0,14.651149446195056,22.81516808090217,22.888491199207074,22.89317446158656,0.0,0.0625,0,-10.330568264415644,4.471928524437289,6.313066392265292,1.2033458507490593,13.971646515406,0.09087307890565445,0.0,0.049803300630920554
warmup500,zero,diagnostic,exact_zero,1,1,0,14.219640080927022,14.219640080927022,14.219640080927022,14.219640080927022,0.0,0.0,0,,,,,,,,
beta_uniform,on_grid,test,all,8272,8272,0,8.884367626957063,25.594275137291216,41.719095631693236,117.99547302780513,0.035783365570599614,0.5803916827852998,0,,,,,,,,
beta_uniform,on_grid,test,core,71,71,0,50.422492579878146,105.53313950359767,113.07600589254572,117.99547302780513,0.0,0.028169014084507043,0,,,,,,,,
beta_uniform,on_grid,test,transition,1139,1139,0,8.857035165991054,33.14722375944029,48.66190423391195,77.70872397344567,0.038630377524143986,0.5882352941176471,0,,,,,,,,
beta_uniform,on_grid,test,tip,100,100,0,7.637986997956062,14.410781506393016,18.55026492382039,56.499974388436165,0.07,0.71,0,,,,,,,,
beta_uniform,on_grid,test,outer,4187,4187,0,9.549773054376221,26.153135251546978,36.72308278160862,67.16526526480037,0.03988535944590399,0.529734893718653,0,,,,,,,,
beta_uniform,on_grid,train,all,58629,58629,0,9.23593314416874,25.334854077142477,37.53188895816465,153.66783145343203,0.03697828719575637,0.5513483088573914,0,,,,,,,,
beta_uniform,on_grid,train,core,417,417,0,32.6341963940518,93.92152283938968,128.27158330944826,153.66783145343203,0.002398081534772182,0.09832134292565947,0,,,,,,,,
beta_uniform,on_grid,train,transition,5726,5726,0,10.243831464781113,30.583317030242217,44.200952804506464,69.33517880842074,0.01851205029689137,0.48620328326929796,0,,,,,,,,
beta_uniform,on_grid,train,tip,1182,1182,0,8.442367883281968,23.279080558298514,31.536249830188712,48.993761081883704,0.05499153976311337,0.6345177664974619,0,,,,,,,,
beta_uniform,on_grid,train,outer,35986,35986,0,10.009159069949568,25.861789591395773,35.060230646444985,60.07934176875831,0.03793141777357861,0.49961095981770687,0,,,,,,,,
beta_uniform,on_grid,validation,all,7795,7795,0,9.311351326624646,25.73260676955787,40.50137572089617,119.29353239780353,0.03463758819756254,0.5456061577934573,0,,,,,,,,
beta_uniform,on_grid,validation,core,38,38,0,39.2388979818373,114.16466554105506,117.74822216658961,119.29353239780353,0.0,0.02631578947368421,0,,,,,,,,
beta_uniform,on_grid,validation,transition,634,634,0,11.91697271069794,35.027592250942256,44.9090400893621,53.92941300887965,0.012618296529968454,0.3391167192429022,0,,,,,,,,
beta_uniform,on_grid,validation,tip,109,109,0,9.407513516281508,28.225342396994428,35.27860624736983,43.05258189993893,0.11009174311926606,0.5412844036697247,0,,,,,,,,
beta_uniform,on_grid,validation,outer,4553,4553,0,9.541507449846744,26.551584258287594,39.297553568302824,58.0528705342268,0.03777728969909949,0.5304195036239842,0,,,,,,,,
beta_uniform,targets,diagnostic,fixed_circle_r40_u100,121,121,0,50.205796796871944,59.38160174377685,59.89503220645951,59.95275440715,0.0,0.0,0,38.401720704182566,-4.404770516567579,1.2753708220964752,1.7789471336969287,49.691960531230265,0.7205695294797532,0.0,0.0
beta_uniform,targets,diagnostic,retry17_rounded_rectangle_0,360,360,0,11.130627618160025,29.327964175904,30.79739399464639,30.878502992810137,0.07777777777777778,0.43333333333333335,0,-2.3383326652519663,-1.0418486340165252,1.7059282381581313,1.0081764969106883,15.071279126913984,0.4134619262295782,0.0,0.08438527964821503
beta_uniform,targets,diagnostic,retry17_rounded_rectangle_1,360,360,0,12.602767092868666,26.06633636541766,27.993968621238288,28.097873517977042,0.06666666666666667,0.4166666666666667,0,-6.440069169075699,-1.381995170775444,6.2059457446478605,1.0037096316277456,10.17514580837288,0.24205352653134804,0.0,0.05158116172511317
beta_uniform,targets,diagnostic,retry17_rounded_rectangle_2,360,360,0,5.258553761598934,16.80595665057591,17.777435687631737,17.838668771344974,0.09166666666666666,0.7638888888888888,0,-2.970272655896993,0.23275996007110344,-0.13383124946873687,1.018070470572745,5.613607271688407,0.2086170291406382,0.0,0.048368838381091545
beta_uniform,targets,diagnostic,retry19_exact_seam_rectangle_0,120,120,0,111.97036095971688,137.1090031875446,138.51502378509014,138.56732056966078,0.0,0.0,0,99.11197884551294,1.3456606891818703,-3.929550975685235,2.02551151085734,,0.7158048438761212,0.0,0.6049008161642228
beta_uniform,targets,diagnostic,retry19_exact_seam_rectangle_1,120,120,0,95.25106560510758,147.19758632393368,148.19903345972918,148.25711201565977,0.0,0.0,0,94.26884131630615,-1.630190004696481,-1.9740506001032208,2.02356042086331,,0.5799071262787363,0.0,0.48946400244524885
beta_uniform,targets,diagnostic,retry19_exact_seam_rectangle_2,120,120,0,87.51194931326624,143.45092077209785,145.73195929390337,145.88375931277503,0.0,0.0,0,82.12053787955324,-8.601221779188243,-2.010042596592539,2.1431673528621547,88.73078355874303,0.9805521491699326,0.0,0.3318211553280918
beta_uniform,targets,diagnostic,retry19_seam_between_rectangle_0,120,120,0,107.35877270854115,123.87085160228509,124.45441460244348,124.50878474859817,0.0,0.0,0,88.31592769365857,-3.4669630892726437,-3.8027459555975427,2.2215892514325115,107.83080563762461,0.6937888780124489,0.0,0.6047391861408168
beta_uniform,targets,diagnostic,retry19_seam_between_rectangle_1,120,120,0,93.09722034685637,133.7796123544007,135.09066984855298,135.15680779078133,0.0,0.0,0,84.54321752925863,-2.8556631903807603,-1.3604637814101188,2.200450453925912,120.16066451704692,0.6151358546354869,0.0,0.5401047858598688
beta_uniform,targets,diagnostic,retry19_seam_between_rectangle_2,120,120,0,85.75649754476649,136.91095402034497,138.99421412769775,139.1582545956715,0.0,0.0,0,78.19917552563376,-7.711081272173481,-0.7311606896722694,2.2342761312549553,115.24502455799964,0.804519898166589,0.0,0.47182965462746596
beta_uniform,targets,diagnostic,retry19_slanted_ellipse,120,120,0,92.70071439219343,129.17858643000307,130.45074084611292,130.50023033419933,0.0,0.0,0,86.05794703554923,-1.7117108407002326,-2.029719308950938,2.199147939100998,117.39066001654203,0.6632892752534586,0.0,0.39972305407495046
beta_uniform,targets,diagnostic,retry19_spiral_3d,120,120,0,106.7517049542535,148.0121220670932,149.03292122329594,149.10014530334735,0.0,0.0,0,100.88241045793772,-6.2118129369678705,-1.8798037841492263,2.0984851400695823,,0.9359092323419359,0.0,0.3138965978417561
beta_uniform,targets,diagnostic,retry19_star,120,120,0,102.00648448966115,130.5623703538202,132.5388228174551,132.67034699403015,0.0,0.0,0,92.6643109289351,-2.970778003309216,-1.585779038549725,2.4610817984970965,115.11014378133991,0.7817736340027276,0.0,0.42220728977069194
beta_uniform,targets,diagnostic,retry19_zero_to_boundary_0,120,120,0,14.656721001843092,16.876370352400286,16.915468375205567,16.91876742078304,0.0,0.19166666666666668,0,-4.724940019665555,6.392147274323685,5.381320101409027,1.0757889446312063,13.445855822829513,0.24776276426468535,0.0,12.224326958244648
beta_uniform,targets,diagnostic,retry19_zero_to_boundary_1,120,120,0,6.754105244576298,12.211180252824796,12.693443235314234,12.713173895540349,0.06666666666666667,0.8416666666666667,0,0.6357905008517517,-0.17081925614122023,3.5233284169668266,1.0162167206629538,10.346551924292497,0.28509294972997845,0.0,9.61916645030214
beta_uniform,targets,diagnostic,retry19_zero_to_boundary_2,120,120,0,6.381997088356151,12.482119956743569,12.901444381969673,12.944994368918572,0.058333333333333334,0.8416666666666667,0,-1.2934665047086993,-0.8830339459890958,2.0391432020794094,1.022178027119176,10.071870520131055,0.2777726944870173,0.0,9.973899155035923
beta_uniform,targets,diagnostic,off_grid_test,3000,3000,0,7.872654417626311,19.697481669401242,42.78418844339199,107.78835774515306,0.035666666666666666,0.6923333333333334,0,,,,,,,,
beta_uniform,targets,diagnostic,large_star,407,407,0,8.25973594513234,16.63603004234887,22.999732012090114,30.98479085939455,0.051597051597051594,0.6683046683046683,0,0.4810055979753691,0.6935574282364924,-0.8106408065899224,0.9956760234419838,9.721572868365545,0.7138455884379525,0.0,0.5770077109760658
beta_uniform,targets,diagnostic,large_helix,523,523,0,7.7222195851096975,16.965355611729358,20.538885393845984,25.176976141218464,0.032504780114722756,0.7074569789674953,0,0.25846368676250214,1.0484907310002844,0.10500239298911203,1.000045970408952,,0.3101378660342401,0.0,9.135317130158906
beta_uniform,targets,diagnostic,large_tapered_helix,574,574,0,11.04011387898873,25.99731132968872,27.769848103775725,28.66454115514436,0.02613240418118467,0.4059233449477352,0,0.27746022710293883,2.587597273512528,-1.4486311796681213,0.9887856395372209,,0.139206752484691,0.0,2.8018759324543994
beta_uniform,targets,diagnostic,circle_u100_center25_r5,128,128,0,66.51919849410424,76.077439164919,76.21035059935309,76.22047126795613,0.0,0.0,0,61.56593192992432,25.17991286656305,0.7837547607291301,2.295000072709025,71.5283095493544,0.07823800267349777,0.0,0.07417964300689371
beta_uniform,targets,diagnostic,circle_u100_center25_r10,128,128,0,64.83646522112046,84.30663417975255,84.6067050667131,84.62147878531158,0.0,0.0,0,60.46823835057225,23.343967838814592,0.9838405322645022,2.2626802815439526,80.96404365635041,0.15979430334485817,0.0,0.1436869030129698
beta_uniform,targets,diagnostic,circle_u100_center25_r20,128,128,0,58.62048969784103,96.27681765590657,96.86821739341548,96.9159005977327,0.0,0.0,0,55.922310620633475,16.572331799002935,1.6309600959579387,2.1389214829808103,95.55058281870076,0.32939707850297195,0.0,0.26686210761815665
beta_uniform,targets,diagnostic,circle_u100_center25_r40,128,128,0,40.62711014692058,91.31827455281623,92.27620756682083,92.3404063149421,0.0,0.0,0,37.478421665165364,-0.888001195640091,2.792116791360777,1.733900317467153,85.95343098643642,0.665526482371755,0.0,0.44407390027464977
beta_uniform,targets,diagnostic,circle_u100_center350_r5,128,128,0,8.689326122091284,9.077182130053894,9.08248282567959,9.08277594052909,0.0,1.0,0,-1.300422654044571,6.838901951907946,5.192617318958384,1.000162125580062,1.4610515166753935,0.013431140116006948,0.0,0.004406806035980492
beta_uniform,targets,diagnostic,circle_u100_center350_r10,128,128,0,8.650674740590844,9.428490050295931,9.439133950684958,9.439909486000989,0.0,1.0,0,-1.2782626731078268,6.7760711285500514,5.192790641506782,0.9998363706264057,1.62207347870309,0.026994615147182894,0.0,0.008265009143391445
beta_uniform,targets,diagnostic,circle_u100_center350_r20,128,128,0,8.510792032496306,10.063234109232994,10.087058217590004,10.088964184977945,0.0,0.8984375,0,-1.1921398502936948,6.525032308682567,5.193498738780731,0.998535398356241,1.9627174213367016,0.054467343536266685,0.0,0.014373199293366246
beta_uniform,targets,diagnostic,circle_u100_center350_r40,128,128,0,8.00701653795414,11.22853816365974,11.306557632413659,11.311670247071541,0.0,0.7578125,0,-0.8865913034080807,5.525482369822834,5.1980947274861755,0.9935378621867176,2.690044467838937,0.11032633811592346,0.0,0.020685094499251388
beta_uniform,targets,diagnostic,circle_u150_center25_r5,128,128,0,114.84056386968356,126.51937484905277,126.68228388756943,126.69396097011327,0.0,0.0,0,107.54248230359339,39.69197787185778,-2.3124713737052325,3.297802741542488,120.7229919651022,0.0935107859053223,0.0,0.08978529123905059
beta_uniform,targets,diagnostic,circle_u150_center25_r10,128,128,0,112.45499466331233,136.10060971814522,136.44878351768548,136.47057312382907,0.0,0.0,0,105.58607107011858,36.41603240150986,-1.9581399335292087,3.240925877876884,132.61616927337934,0.18981768050211859,0.0,0.17530651672360337
beta_uniform,targets,diagnostic,circle_u150_center25_r20,128,128,0,103.76917669417573,148.22136511651485,148.9194263239418,148.95441465837868,0.0,0.0,0,97.59029393205837,24.632050948882515,-0.8197587029112808,3.0245852615610955,147.80728054440024,0.38759589312103415,0.0,0.33150910106038683
beta_uniform,targets,diagnostic,circle_u150_center25_r40,128,128,0,78.82555876289243,134.00416182004065,134.9094807839293,134.99180531510393,0.0,0.0,0,67.59659273144597,-3.1062301860675783,1.3706761837663939,2.3390493020687497,119.5565344712472,0.7783338333428328,0.0,0.5756899647139294
beta_uniform,targets,diagnostic,circle_u150_center350_r5,128,128,0,5.4432820256117616,5.6975516025599235,5.701609284571846,5.701790712360947,0.0,1.0,0,-4.957716064269804,0.15965192250148255,-2.221219695330464,1.0718430437951307,5.213679851189101,0.009062333677391263,0.0,0.008382916617960113
beta_uniform,targets,diagnostic,circle_u150_center350_r10,128,128,0,5.437408049099711,6.032601844254626,6.0433110321145564,6.043938876283198,0.0,1.0,0,-4.932643935283358,0.1936546131879489,-2.200581419698202,1.0715958454172483,5.432977046821774,0.01880399103272112,0.0,0.016112442932486527
beta_uniform,targets,diagnostic,circle_u150_center350_r20,128,128,0,5.409556965036325,6.912151205174232,6.942638419519255,6.944089609090163,0.0,1.0,0,-4.832503578877316,0.32617704251553753,-2.118730575061401,1.0706197223610954,5.7788236249943,0.04040234318898404,0.0,0.029698753073646396
beta_uniform,targets,diagnostic,circle_u150_center350_r40,128,128,0,6.108922231765442,9.144553830466547,9.22300730492122,9.228775850895634,0.0,1.0,0,-4.434756730997505,0.8023363515800761,-1.8011289808792454,1.0668001750939615,6.068172286080042,0.09242758060196044,0.0,0.04982885468219458
beta_uniform,zero,diagnostic,exact_zero,1,1,0,10.20846964603766,10.20846964603766,10.20846964603766,10.20846964603766,0.0,0.0,0,,,,,,,,
beta_balanced,on_grid,test,all,8272,8272,0,13.076716569598986,32.173664440092935,43.137055336844554,75.63823051078028,0.017045454545454544,0.32313829787234044,0,,,,,,,,
beta_balanced,on_grid,test,core,71,71,0,19.848652899361902,63.962630631074504,71.21453629193303,75.63823051078028,0.0,0.14084507042253522,0,,,,,,,,
beta_balanced,on_grid,test,transition,1139,1139,0,12.948558310922065,29.519237543897507,39.91245534039151,58.455334297528545,0.015803336259877086,0.32748024582967517,0,,,,,,,,
beta_balanced,on_grid,test,tip,100,100,0,19.006018081851916,41.978071359223634,44.53373137497476,46.963153446250345,0.0,0.11,0,,,,,,,,
beta_balanced,on_grid,test,outer,4187,4187,0,12.778032081080779,33.360204518248395,43.35485387889681,65.16599440961899,0.02149510389300215,0.33460711726773346,0,,,,,,,,
beta_balanced,on_grid,train,all,58629,58629,0,13.185955169468622,30.8911548693107,41.29587150536656,149.3801830780221,0.015623667468317727,0.3215814699210288,0,,,,,,,,
beta_balanced,on_grid,train,core,417,417,0,15.213655769751586,45.95888825506186,88.52641768938234,149.3801830780221,0.009592326139088728,0.23741007194244604,0,,,,,,,,
beta_balanced,on_grid,train,transition,5726,5726,0,14.344734012512538,29.750458610553988,40.536157916745125,68.088004571845,0.005937827453719874,0.24799161718477122,0,,,,,,,,
beta_balanced,on_grid,train,tip,1182,1182,0,20.257554316469307,41.43533714014477,51.41686386372151,58.77084933606977,0.004230118443316413,0.1319796954314721,0,,,,,,,,
beta_balanced,on_grid,train,outer,35986,35986,0,12.765072570470494,31.402096300216364,41.374447396304845,86.69340251744066,0.019507586283554715,0.34749624854109934,0,,,,,,,,
beta_balanced,on_grid,validation,all,7795,7795,0,13.14570355797628,32.044926330909135,42.821742090296546,113.71941797973129,0.01834509300833868,0.32302758178319435,0,,,,,,,,
beta_balanced,on_grid,validation,core,38,38,0,21.761277043423156,107.03124745222561,111.55475042068989,113.71941797973129,0.0,0.18421052631578946,0,,,,,,,,
beta_balanced,on_grid,validation,transition,634,634,0,15.555145895156393,31.851653438427313,42.09292098674414,53.947352485985014,0.01892744479495268,0.2634069400630915,0,,,,,,,,
beta_balanced,on_grid,validation,tip,109,109,0,21.73421211403212,43.422469497581844,54.09682536197867,54.98846518317661,0.009174311926605505,0.2018348623853211,0,,,,,,,,
beta_balanced,on_grid,validation,outer,4553,4553,0,13.129409163653497,32.104864258110474,42.94315296463116,87.04350865964642,0.016911926202503844,0.32418185811552824,0,,,,,,,,
beta_balanced,targets,diagnostic,fixed_circle_r40_u100,121,121,0,17.026751209843823,26.021258418679338,28.24148304971529,28.388997359181026,0.0,0.049586776859504134,0,1.161964806637947,2.004424613093068,-0.19987005298800004,0.9145166720538163,19.36580446681746,1.0732788507028788,0.0,0.0
beta_balanced,targets,diagnostic,retry17_rounded_rectangle_0,360,360,0,15.24567699738413,40.4193595523952,43.94668121109116,44.14758935632443,0.025,0.28055555555555556,0,-8.204711195113166,-2.8327726987843125,0.5828952650794916,1.0203639498512231,25.474063907382796,0.5059574285271619,0.0,0.08909554885458508
beta_balanced,targets,diagnostic,retry17_rounded_rectangle_1,360,360,0,15.371757186769099,29.48760640201435,31.417290874915796,31.519279084493117,0.011111111111111112,0.12777777777777777,0,-11.09780397481966,-4.711443880535119,6.00266705602043,1.0137392961852516,13.09461363880161,0.2422143027811078,0.0,0.045778489138364215
beta_balanced,targets,diagnostic,retry17_rounded_rectangle_2,360,360,0,11.325367355182323,20.392217891169704,21.12872552792315,21.20797710007349,0.011111111111111112,0.39444444444444443,0,-5.791650868786107,-1.6346992228327442,2.0998559990071133,1.0223845460021062,9.084017824038964,0.1854383553053768,0.0,0.0510488338566753
beta_balanced,targets,diagnostic,retry19_exact_seam_rectangle_0,120,120,0,42.73476109889698,63.762359790234974,65.49283318139544,65.70602536530089,0.0,0.0,0,17.891821934710833,4.222303463933195,6.706568094531453,1.725433204089298,,1.5807067809387367,0.0,1.394280666220553
beta_balanced,targets,diagnostic,retry19_exact_seam_rectangle_1,120,120,0,41.32681437207201,82.33017523082749,87.19530139663534,87.586344284177,0.0,0.0,0,21.068228404034727,-2.8798114931574212,6.479865983947464,1.6307436664868018,,1.4205851120964472,0.0,1.0272401740458192
beta_balanced,targets,diagnostic,retry19_exact_seam_rectangle_2,120,120,0,34.44780176838387,109.79549993707133,122.8693787220137,124.17742173217817,0.008333333333333333,0.041666666666666664,0,24.56448533270595,-4.773476056115503,4.292962804318685,1.4235146463355821,75.00453469265243,2.5081848417764325,0.0,0.5874304195669466
beta_balanced,targets,diagnostic,retry19_seam_between_rectangle_0,120,120,0,34.55990867171498,64.5892066801615,68.53828390118451,68.89256383395433,0.0,0.03333333333333333,0,11.867732553239131,2.479594400541034,5.727164773368677,1.5189184704246768,59.924646613959624,1.5239212318445385,0.0,1.0945263952720248
beta_balanced,targets,diagnostic,retry19_seam_between_rectangle_1,120,120,0,36.10256796594041,74.86384915158428,81.3615974065128,81.97843992699255,0.0,0.06666666666666667,0,13.531696461494503,-2.840113609794881,6.15014074419168,1.4800741684029053,66.89653944635266,1.7233431721759,0.0,0.978015641027772
beta_balanced,targets,diagnostic,retry19_seam_between_rectangle_2,120,120,0,32.36217277719226,91.17749207099757,101.53987307708991,102.67328441836177,0.0,0.041666666666666664,0,17.15550080925029,-5.129609990770808,5.494386930314806,1.384404107483073,72.46742614613244,2.2486231324938553,0.0,0.9013186464249056
beta_balanced,targets,diagnostic,retry19_slanted_ellipse,120,120,0,36.272544484599436,64.08187487930324,67.59495762269387,67.88463948186043,0.0,0.075,0,14.512509978866104,-3.650146222240931,4.888052004099802,1.478905484031412,56.443899749725844,1.4937208567382396,0.0,0.7544535176529112
beta_balanced,targets,diagnostic,retry19_spiral_3d,120,120,0,40.48444014647862,122.39374547048372,138.32979449710984,139.6289802145953,0.0,0.008333333333333333,0,33.34413277585182,-0.26434720154510266,6.413021367744157,1.8415885928467688,,2.2393281054772207,0.0,1.8663474831586917
beta_balanced,targets,diagnostic,retry19_star,120,120,0,37.064977668442694,93.72615529380775,113.84739443999796,117.13410007688493,0.0,0.025,0,22.989940382504845,2.9510240414882993,2.481359677056668,1.9355475120460708,69.91196814013551,1.9247752691965079,0.0,0.6225717428466623
beta_balanced,targets,diagnostic,retry19_zero_to_boundary_0,120,120,0,14.128167111451209,26.910446048035613,27.4623807845458,27.728608563338458,0.06666666666666667,0.39166666666666666,0,3.3163860649071712,-1.5199741144654828,11.659814497644337,0.9578844183986975,18.457400288522006,0.2869099934926134,0.0,10.512454715253815
beta_balanced,targets,diagnostic,retry19_zero_to_boundary_1,120,120,0,14.008688225948802,26.546322394607778,27.183776394761583,27.23707646965206,0.0,0.225,0,-0.2787680320647523,-2.94147046619172,9.46582629069212,1.0884317399190262,10.936705382827727,0.41401383753102694,0.0,7.160607681961757
beta_balanced,targets,diagnostic,retry19_zero_to_boundary_2,120,120,0,10.072321599295279,23.78293260688624,24.38808464494674,24.420561971245764,0.0,0.4583333333333333,0,-0.6074220664826695,-0.8584431917514521,11.086781205307416,1.0554392741799685,12.95287615706655,0.38774770474750825,0.0,7.956559081134139
beta_balanced,targets,diagnostic,off_grid_test,3000,3000,0,13.626476328329641,29.903493381477237,41.26200629862572,58.7311546029234,0.013666666666666667,0.30833333333333335,0,,,,,,,,
beta_balanced,targets,diagnostic,large_star,407,407,0,12.76729642517198,29.441642296064032,37.091754152261295,45.39636193730177,0.012285012285012284,0.3144963144963145,0,1.4129085617264363,-1.607029610313483,1.6548343424166372,0.9918915389452052,15.524144850654785,0.8033687711676039,0.0,0.47488341619712277
beta_balanced,targets,diagnostic,large_helix,523,523,0,10.722308140132535,29.49399639565347,45.695867578207846,49.02186906195077,0.017208413001912046,0.44933078393881454,0,-0.282533480846604,-3.0272454200655106,-1.2643883164688843,1.002753259732363,,0.40003670916824213,0.0,9.509983768665798
beta_balanced,targets,diagnostic,large_tapered_helix,574,574,0,18.346239946562957,33.500517894506686,39.648229305599095,43.063328662295696,0.0156794425087108,0.15853658536585366,0,1.35412798159447,-0.4509044940715014,0.14252411785945918,0.9813184488255169,,0.6815481451532612,0.0,2.712841108250404
beta_balanced,targets,diagnostic,circle_u100_center25_r5,128,128,0,15.991359036477,21.76772388269901,21.853904352122157,21.858371918395356,0.0,0.203125,0,0.2430376194899695,-11.407758840799897,-8.29492311422939,1.8365990882289525,4.899902973197645,0.18181152485610005,0.0,0.14421047970153358
beta_balanced,targets,diagnostic,circle_u100_center25_r10,128,128,0,17.622014341828304,23.422185330016685,23.587486944366997,23.60038139185868,0.0,0.09375,0,-1.4524086508932408,-6.996454900786524,-5.581012939989354,1.6999737370884733,11.554726882668184,0.3972632254783938,0.0,0.2504997491311564
beta_balanced,targets,diagnostic,circle_u100_center25_r20,128,128,0,17.58085805155362,63.20853230234752,66.42015839260563,66.58415181517994,0.0,0.03125,0,0.9940534086945122,7.187593354115925,-0.08260114602215915,1.4868149818949525,43.67909520119229,0.893288585116792,0.0,0.3628427005995261
beta_balanced,targets,diagnostic,circle_u100_center25_r40,128,128,0,14.788346642113073,70.17910907239134,81.56068745407609,82.49287520119121,0.0,0.3359375,0,12.930324320553384,4.336825020702246,-0.23454338596666421,1.2011563798036768,65.42155706355261,1.7360107451674671,0.0,0.3737907201066896
beta_balanced,targets,diagnostic,circle_u100_center350_r5,128,128,0,15.79989877751972,16.865779885930586,16.88057125417623,16.881848166889107,0.0,0.0,0,0.0242855468895551,8.35515833329989,-13.394105341297285,0.9625406948435555,0.6527610769060943,0.013418333511313175,0.0,0.004773288373633989
beta_balanced,targets,diagnostic,circle_u100_center350_r10,128,128,0,15.746639535351882,17.851202462954593,17.88226601058722,17.883941603305445,0.0,0.0,0,0.19420306132690926,8.134684468232557,-13.41677793478117,0.9629335011811404,1.550207512709123,0.02710090996614122,0.0,0.00893284689774531
beta_balanced,targets,diagnostic,circle_u100_center350_r20,128,128,0,15.61040107997912,19.501045294422237,19.557647508713806,19.56256203013569,0.0,0.0,0,0.8246324713676885,7.2826872395274895,-13.470336560727878,0.9643645438938242,3.8881517880294365,0.05542869266194598,0.0,0.015490628913750911
beta_balanced,targets,diagnostic,circle_u100_center350_r40,128,128,0,17.063228128706477,21.00444462447792,21.122339157688504,21.1295505888301,0.0,0.125,0,2.7038620073030466,4.3023781285982565,-13.23131559169256,0.9680341856579213,9.473349776555784,0.112825760465325,0.0,0.02280914992899313
beta_balanced,targets,diagnostic,circle_u150_center25_r5,128,128,0,33.424619951155364,40.044561658797456,40.17255861262747,40.18005847987806,0.0,0.0,0,23.46558308728603,-18.659351447452302,-9.120081232315467,3.549497400284328,30.02738331368735,0.21766212059243917,0.0,0.17965062375743726
beta_balanced,targets,diagnostic,circle_u150_center25_r10,128,128,0,34.336386431232086,47.09926106546475,47.443987025893925,47.46049267257075,0.0,0.0,0,17.106731571008208,-19.673971081129533,-5.591151854843225,3.105202226216085,33.44244599021685,0.46487633528940786,0.0,0.3204509180724304
beta_balanced,targets,diagnostic,circle_u150_center25_r20,128,128,0,36.379026419412924,56.98953028820286,59.64917567126984,59.86262706695116,0.0,0.0,0,6.377511963601999,-12.442192243507323,1.571415607922629,2.116773352543602,47.60271661056523,1.0165601594222995,0.0,0.49342652602006115
beta_balanced,targets,diagnostic,circle_u150_center25_r40,128,128,0,34.64770431434715,126.1095846182849,144.11197757569153,145.46478143470054,0.0,0.0,0,28.725056586597457,4.388876587126659,2.119378912993715,1.60235708349278,120.71923144605603,2.0460193445355794,0.0,0.5645704167451486
beta_balanced,targets,diagnostic,circle_u150_center350_r5,128,128,0,13.746881172887544,14.218899016430688,14.225806867436996,14.2264522536138,0.0,0.0,0,-7.877382772697049,2.3653265741716276,-11.025255415245315,1.0752209040454048,8.166800454792611,0.010654428094558757,0.0,0.009676803908747792
beta_balanced,targets,diagnostic,circle_u150_center350_r10,128,128,0,13.618201891899087,14.649748239181339,14.6669257905074,14.667977378597813,0.0,0.0,0,-7.716379269090509,2.336690200178603,-11.015377241866513,1.0751477607506512,8.345306856886214,0.022368736129659533,0.0,0.018472646816696164
beta_balanced,targets,diagnostic,circle_u150_center350_r20,128,128,0,13.109201225155909,15.443144560791403,15.484036015067367,15.487805431359567,0.0,0.0,0,-7.098513420832786,2.2143626552905338,-10.949731867881583,1.0749020139153762,8.599434141152805,0.049201934696847985,0.0,0.03355314421512897
beta_balanced,targets,diagnostic,circle_u150_center350_r40,128,128,0,12.59362515364714,16.449931463626697,16.580089410926274,16.587192506349933,0.0,0.0,0,-4.9981223653711835,1.6538888616384977,-10.35125803544753,1.0739873412143934,8.73326861966166,0.11771308098158648,0.0,0.05503022049298449
beta_balanced,zero,diagnostic,exact_zero,1,1,0,20.116108630854452,20.116108630854452,20.116108630854452,20.116108630854452,0.0,0.0,0,,,,,,,,
fk_uniform,on_grid,test,all,8272,8272,0,4.771172272082334,14.794373179752393,30.674737498598905,128.35304330523698,0.19705029013539652,0.8733075435203095,0,,,,,,,,
fk_uniform,on_grid,test,core,71,71,0,45.767560575554164,101.91029857872849,123.47166562606243,128.35304330523698,0.0,0.08450704225352113,0,,,,,,,,
fk_uniform,on_grid,test,transition,1139,1139,0,5.8112939280959965,25.24045725575518,40.68466369843261,85.4550897208618,0.199297629499561,0.7313432835820896,0,,,,,,,,
fk_uniform,on_grid,test,tip,100,100,0,3.2806409674794317,7.276466402985347,16.049462524044753,20.682827959771032,0.39,0.95,0,,,,,,,,
fk_uniform,on_grid,test,outer,4187,4187,0,4.651741175137181,12.931799315925533,19.456855460207425,34.309904897864556,0.21065201815142107,0.8973011702889897,0,,,,,,,,
fk_uniform,on_grid,train,all,58629,58629,0,4.704398254201861,12.812699851347926,23.30275314911375,142.8449016538271,0.20728649644373945,0.8994013201657882,0,,,,,,,,
fk_uniform,on_grid,train,core,417,417,0,25.128225009636292,106.19175202633834,130.2672602986672,142.8449016538271,0.009592326139088728,0.27817745803357313,0,,,,,,,,
fk_uniform,on_grid,train,transition,5726,5726,0,5.846912703391612,20.317992440442037,48.00378509497253,82.52717719843285,0.15805099545930842,0.790604261264408,0,,,,,,,,
fk_uniform,on_grid,train,tip,1182,1182,0,4.998782627776265,18.461134962598873,36.14068525265372,52.33096130190551,0.22081218274111675,0.8688663282571912,0,,,,,,,,
fk_uniform,on_grid,train,outer,35986,35986,0,4.601126285245078,11.916680520752339,17.9332760690574,31.964947721292013,0.2205024176068471,0.9119379758795086,0,,,,,,,,
fk_uniform,on_grid,validation,all,7795,7795,0,4.837671342244683,14.159112858725248,30.085023229721667,127.9917464185131,0.1951250801796023,0.878383579217447,0,,,,,,,,
fk_uniform,on_grid,validation,core,38,38,0,53.16979342660048,106.48844424264514,122.86839384689476,127.9917464185131,0.0,0.10526315789473684,0,,,,,,,,
fk_uniform,on_grid,validation,transition,634,634,0,6.587532248926692,41.267770580262884,72.24856948333515,86.78114131482687,0.08990536277602523,0.7192429022082019,0,,,,,,,,
fk_uniform,on_grid,validation,tip,109,109,0,5.252666469729342,15.398736626148,27.032892034290214,30.121132120519007,0.11009174311926606,0.926605504587156,0,,,,,,,,
fk_uniform,on_grid,validation,outer,4553,4553,0,4.778976022275629,12.735301587873005,19.97906190112535,36.163515813127056,0.20733582253459257,0.8956731825170218,0,,,,,,,,
fk_uniform,targets,diagnostic,fixed_circle_r40_u100,121,121,0,31.02116345623953,93.09844018040302,95.02183586977974,95.10840271492266,0.0,0.14049586776859505,0,40.40471357991027,-2.1898184774230836,-0.04555565360099108,1.2666971577888992,93.00419126974124,0.5403125730210252,0.0,0.0
fk_uniform,targets,diagnostic,retry17_rounded_rectangle_0,360,360,0,5.086793794445865,9.501924034579327,9.787812500740495,9.804109017512415,0.1361111111111111,1.0,0,-0.6183054173927888,-0.06367675194641868,1.2980917386495516,1.0059764424492497,5.792150708030256,0.3509850653135609,0.0,0.08007201518735198
fk_uniform,targets,diagnostic,retry17_rounded_rectangle_1,360,360,0,5.733876413646318,8.987065852193597,9.708490252734194,9.747396160702786,0.09166666666666666,1.0,0,0.10683795496705795,0.02054548157469584,3.825241292879221,1.011749706979531,6.342206295030018,0.26602797076576884,0.0,0.07740354565599263
fk_uniform,targets,diagnostic,retry17_rounded_rectangle_2,360,360,0,2.9949250340177063,6.769796794840098,7.1575488144758355,7.1793477534639685,0.5,1.0,0,-0.18606523868059205,1.067973367254479,0.21314847241047613,1.0071542026107212,4.001471538291034,0.24533783366591927,0.0,0.05821284852237243
fk_uniform,targets,diagnostic,retry19_exact_seam_rectangle_0,120,120,0,79.78397798313392,160.16305949322572,161.72769099794712,161.83876400568138,0.0,0.0,0,82.55671984615367,-9.181638914036295,-3.3228305524585804,1.1666871125093572,,0.5871905625332028,0.0,0.3442598903020371
fk_uniform,targets,diagnostic,retry19_exact_seam_rectangle_1,120,120,0,81.61463583125345,159.38769071793698,160.95904715354328,161.01261022533268,0.0,0.0,0,83.82430552149366,-7.378725910391599,-3.846214864705156,1.2103854701253958,,0.5010241309660285,0.0,0.28402018314346333
fk_uniform,targets,diagnostic,retry19_exact_seam_rectangle_2,120,120,0,83.78832107247001,142.90484400246746,144.41542321461876,144.4844299078281,0.0,0.0,0,83.31135797070736,-6.057470271880503,-4.426069516695429,1.4703898359063803,76.52748066523755,0.445133673493486,0.0,0.2841352291422958
fk_uniform,targets,diagnostic,retry19_seam_between_rectangle_0,120,120,0,75.22440716609623,155.85275835606018,157.1383547268727,157.2885956080055,0.0,0.0,0,78.8335054660676,-7.069836589522044,-3.5386161587277405,1.3168896555734864,108.75203932460602,0.5813526084175332,0.0,0.33597273640469594
fk_uniform,targets,diagnostic,retry19_seam_between_rectangle_1,120,120,0,80.44499333892476,153.60733185678419,155.11230016097363,155.21766787215256,0.0,0.0,0,81.63918150874095,-5.355695271438551,-3.3347486968911784,1.3830570069044583,113.02867656618905,0.5478746062884343,0.0,0.3233364595533492
fk_uniform,targets,diagnostic,retry19_seam_between_rectangle_2,120,120,0,84.72202554965483,138.55553900073843,139.73563090085824,139.8031185274683,0.0,0.0,0,83.38545074073211,-5.2039077182558495,-3.4267353835658527,1.5318205068451112,104.61362256068452,0.48399186782538817,0.0,0.36231506848614264
fk_uniform,targets,diagnostic,retry19_slanted_ellipse,120,120,0,75.52036104055348,155.2623090406654,156.5329294619899,156.5951395107932,0.0,0.0,0,81.7622073193356,-5.726839628557495,-3.2854103146123257,1.3606380833186482,111.2180686728549,0.40301136327348847,0.0,0.2330148917427469
fk_uniform,targets,diagnostic,retry19_spiral_3d,120,120,0,83.96802832839376,154.38270854375,166.64693162363957,168.0678096256263,0.0,0.0,0,82.34981443462361,-11.952827599186422,-2.7535795697379912,1.1572471689003738,,0.6607938282875974,0.0,4.922061713185782
fk_uniform,targets,diagnostic,retry19_star,120,120,0,68.5431929590373,139.78209919152027,142.56206647222407,142.73763839963297,0.0,0.0,0,79.02620950900177,-9.666697413810938,-2.9065875888951456,1.4116025617137782,90.14694341263767,0.6663006149450673,0.0,0.2940656838652596
fk_uniform,targets,diagnostic,retry19_zero_to_boundary_0,120,120,0,6.646038041825096,10.446962266906695,11.299560724597107,11.977550069214201,0.15,0.8416666666666667,0,-4.372951964438408,1.1447396744372251,1.558551214362452,1.0252039478971304,4.402397238648964,0.20806677202562907,0.0,10.343846372950173
fk_uniform,targets,diagnostic,retry19_zero_to_boundary_1,120,120,0,4.461740250930738,8.635556541254518,11.228372248362977,11.977550069214201,0.25833333333333336,0.9666666666666667,0,-1.202563132866071,-0.40566915778654716,1.2154724369945238,0.9694196953756824,4.01394952318071,0.1244870278126524,0.0,6.608161918210439
fk_uniform,targets,diagnostic,retry19_zero_to_boundary_2,120,120,0,4.922911817251496,8.544873535147577,11.195518213167457,11.977550069214201,0.20833333333333334,0.9666666666666667,0,-1.8374228687175105,-0.363704542152898,1.979203056240954,0.9661077800838476,5.06960033534438,0.1279968912723927,0.0,7.360428708111888
fk_uniform,targets,diagnostic,off_grid_test,3000,3000,0,4.417945934300942,13.563589182841879,41.655420982665525,126.061714527231,0.22866666666666666,0.902,0,,,,,,,,
fk_uniform,targets,diagnostic,large_star,407,407,0,4.73478468172724,11.812841316764919,17.776813370843797,21.257500476731188,0.13267813267813267,0.9238329238329238,0,-0.29215109774155634,0.6393408704586484,0.9710131634550039,0.9985300149665127,8.373022702849076,1.0607429456158195,0.0,0.2942660005070114
fk_uniform,targets,diagnostic,large_helix,523,523,0,4.4687120099336495,13.511028032929651,16.01112259260544,16.362516271447884,0.2045889101338432,0.8795411089866156,0,0.9643359444303494,0.3124448719030889,-0.2759316841189897,0.9986821998930999,,0.5697721394066423,0.0,7.9142127620537055
fk_uniform,targets,diagnostic,large_tapered_helix,574,574,0,8.00798014503252,16.562259025715914,17.21780230986381,17.406923508561526,0.06097560975609756,0.6916376306620209,0,-6.819144354214415,0.3557030969850372,-1.2497194465615777,0.9915971309588748,,0.33443914549261655,0.0,4.919634141224798
fk_uniform,targets,diagnostic,circle_u100_center25_r5,128,128,0,79.22433746280075,85.50391755961738,85.59272601426407,85.59858519494308,0.0,0.0,0,78.54551635107126,-7.9230004320303795,-7.620105023186928,1.6105423314210963,84.96679126269622,0.0606384194513732,0.0,0.060602560958230633
fk_uniform,targets,diagnostic,circle_u100_center25_r10,128,128,0,77.47790053424016,90.2656359474775,90.45629902327104,90.47053177087956,0.0,0.0,0,77.14536997340204,-7.404168172971099,-7.025487038035552,1.592704952922167,89.94881380148834,0.12240979653132227,0.0,0.12192015734519698
fk_uniform,targets,diagnostic,circle_u100_center25_r20,128,128,0,70.92200565708058,96.37471791387053,96.83936246985996,96.86253906240592,0.0,0.0,0,71.79516615386936,-5.530912861426631,-4.9475160958623885,1.5265387187732105,96.32654375830442,0.24875399546798346,0.0,0.24476708598340008
fk_uniform,targets,diagnostic,circle_u100_center25_r40,128,128,0,49.83730363593345,93.35255828699623,94.33062812691331,94.40222884411831,0.0,0.0,0,54.04589683838999,-0.5263065530588026,0.0800156328591767,1.3280293112419705,92.49616419876,0.49962342858796677,0.0,0.47924641297288
fk_uniform,targets,diagnostic,circle_u100_center350_r5,128,128,0,4.388686734043361,4.669565576294052,4.673055655865694,4.67335190206606,0.0,1.0,0,3.4252307032789537,1.8082707702076115,2.027042275660889,1.0152283932721928,3.7629026803545296,0.014090680257736306,0.0,0.01292090364066584
fk_uniform,targets,diagnostic,circle_u100_center350_r10,128,128,0,4.384236870489128,4.899618904482471,4.905738051096504,4.906029843501787,0.0,1.0,0,3.373830583576971,1.808839112078838,1.995864058037507,1.0150107897374676,4.03191034861905,0.028973449015782526,0.0,0.02502741394451344
fk_uniform,targets,diagnostic,circle_u100_center350_r20,128,128,0,4.362989096020147,5.224907243417673,5.234886552738862,5.235492182010136,0.1484375,1.0,0,3.1680744066892466,1.8076256431167887,1.8727778311220284,1.014146564228511,4.435351058223979,0.06138995370348617,0.0,0.04690675101188569
fk_uniform,targets,diagnostic,circle_u100_center350_r40,128,128,0,4.186000160733851,5.54890996877888,5.587916998555967,5.591175423071068,0.3203125,1.0,0,2.344081544552927,1.7509905007285815,1.4068966479108274,1.0108122623104836,4.815469873619726,0.13769426578992985,0.0,0.08210164858790359
fk_uniform,targets,diagnostic,circle_u150_center25_r5,128,128,0,144.00570012578027,147.88133716252202,147.9345966597294,147.93966940455937,0.0,0.0,0,143.82521512653983,-6.830744486317715,-3.737825406275424,2.2735353525653275,147.8484334458461,0.07666022897522483,0.0,0.0767012634710978
fk_uniform,targets,diagnostic,circle_u150_center25_r10,128,128,0,140.7677526511004,148.92395671680342,149.04379040664273,149.05461782256012,0.0,0.0,0,140.69861891348634,-6.262228162140485,-3.5639671684583685,2.2334763995181017,148.83421033308943,0.1530624048658701,0.0,0.153227023097038
fk_uniform,targets,diagnostic,circle_u150_center25_r20,128,128,0,128.9791294344966,145.76265123985587,146.0401468556871,146.0635564348897,0.0,0.0,0,129.25820613135656,-4.272264449911178,-2.9407806250025486,2.089582665948646,144.77347132012767,0.3038157522250264,0.0,0.30413359614526997
fk_uniform,targets,diagnostic,circle_u150_center25_r40,128,128,0,95.69186613401804,122.67359004263817,123.35176189216168,123.40903873924756,0.0,0.0,0,95.71316400321203,0.5460087538329311,-1.2153999668992008,1.6962796215635834,118.15067877377768,0.5868949167277617,0.0,0.5872469649547083
fk_uniform,targets,diagnostic,circle_u150_center350_r5,128,128,0,2.5093055048671933,2.657945636231174,2.6598772756829625,2.6600072702991073,1.0,1.0,0,0.5499761424873107,-0.5803868567621525,2.3645917485448757,1.0202084933989244,0.7881918969835033,0.01883051137660781,0.0,0.017867134538518667
fk_uniform,targets,diagnostic,circle_u150_center350_r10,128,128,0,2.533643310027183,2.8084275234613365,2.811541785607893,2.811878204910964,1.0,1.0,0,0.5458959254221584,-0.557623488515335,2.3546906553470324,1.02008247058892,1.0172761622846638,0.03864403638516855,0.0,0.034793730683985426
fk_uniform,targets,diagnostic,circle_u150_center350_r20,128,128,0,2.627024979362522,3.0708072002169584,3.076304015329775,3.0766251505154014,0.796875,1.0,0,0.5288987906300631,-0.46892152389414743,2.3143057382582315,1.0195854511301816,1.4405468989658665,0.08132332718763947,0.0,0.06594568987988467
fk_uniform,targets,diagnostic,circle_u150_center350_r40,128,128,0,2.9297868679703143,3.403920795527161,3.422717123656507,3.424627409148937,0.53125,1.0,0,0.4510286648197956,-0.15034184525095257,2.1423820360191645,1.0177256875107386,2.1226415435924517,0.17950345452516464,0.0,0.11815341473964074
fk_uniform,zero,diagnostic,exact_zero,1,1,0,11.977554987887434,11.977554987887434,11.977554987887434,11.977554987887434,0.0,0.0,0,,,,,,,,
fk_balanced,on_grid,test,all,8272,8272,0,4.553303870434645,15.028001163712918,29.319714677812986,138.48936364831619,0.24770309477756286,0.8776595744680851,0,,,,,,,,
fk_balanced,on_grid,test,core,71,71,0,2.7511504770292863,6.738130515242815,9.70011695855961,11.387761667500085,0.5352112676056338,0.9859154929577465,0,,,,,,,,
fk_balanced,on_grid,test,transition,1139,1139,0,4.083476381941958,38.805315090333984,84.12650043337435,138.48936364831619,0.30816505706760317,0.8208955223880597,0,,,,,,,,
fk_balanced,on_grid,test,tip,100,100,0,3.7524411370095407,5.529519069672372,5.932875658341343,5.940318937853592,0.27,1.0,0,,,,,,,,
fk_balanced,on_grid,test,outer,4187,4187,0,4.9476813113393465,13.832833044601083,20.718893324944002,35.49808981559031,0.1970384523525197,0.8875089562932887,0,,,,,,,,
fk_balanced,on_grid,train,all,58629,58629,0,4.677221567612487,13.661511166351856,24.5954868984149,151.78049578634392,0.22364358934998038,0.8845281345409268,0,,,,,,,,
fk_balanced,on_grid,train,core,417,417,0,2.041362015575036,5.751310757236077,13.273631305661095,18.239858424863883,0.7721822541966427,0.9856115107913669,0,,,,,,,,
fk_balanced,on_grid,train,transition,5726,5726,0,3.8418187758857396,37.17069723042733,77.48541113860637,151.78049578634392,0.3501571777855396,0.835137967167307,0,,,,,,,,
fk_balanced,on_grid,train,tip,1182,1182,0,4.371463546288104,9.955393704976776,10.891353326048105,12.283923665532454,0.22504230118443316,0.9517766497461929,0,,,,,,,,
fk_balanced,on_grid,train,outer,35986,35986,0,4.89096966099269,12.791582859737176,18.933638014886537,70.01763545990816,0.1849886066803757,0.8897348969043517,0,,,,,,,,
fk_balanced,on_grid,validation,all,7795,7795,0,4.836237033488101,15.490648595370997,27.98692226922099,148.84637156144856,0.20525978191148173,0.8543938422065427,0,,,,,,,,
fk_balanced,on_grid,validation,core,38,38,0,2.5876384336199996,4.487200762294389,9.270341674709597,11.446317298117755,0.7368421052631579,0.9736842105263158,0,,,,,,,,
fk_balanced,on_grid,validation,transition,634,634,0,4.325442848780109,68.8252324978231,122.73660723838222,148.84637156144856,0.2886435331230284,0.7082018927444795,0,,,,,,,,
fk_balanced,on_grid,validation,tip,109,109,0,4.083238053424147,9.985023904203212,11.046420495262273,11.325149774413743,0.2018348623853211,0.944954128440367,0,,,,,,,,
fk_balanced,on_grid,validation,outer,4553,4553,0,5.095310039922639,13.5738487937245,20.958588390397857,90.44228273560387,0.16362837689435536,0.8719525587524709,0,,,,,,,,
fk_balanced,targets,diagnostic,fixed_circle_r40_u100,121,121,0,2.1978036009198316,2.8794800000205334,2.8950298002936425,2.8966659770585874,1.0,1.0,0,-1.3214681068421987,1.0120509037184167,-1.2636803340968794,0.9968415345813076,2.023917329208702,0.03805493256925495,0.0,0.0
fk_balanced,targets,diagnostic,retry17_rounded_rectangle_0,360,360,0,4.534566668853692,11.466047943841653,11.807584249929146,11.82585423370759,0.125,0.8833333333333333,0,-1.535995543898749,0.2828407595010958,0.6721128481669638,1.0071607867047134,6.224055902988343,0.19917258506580307,0.0,0.08195869486300933
fk_balanced,targets,diagnostic,retry17_rounded_rectangle_1,360,360,0,5.015643667163978,12.435973504153589,13.457496716744394,13.511135455703366,0.19444444444444445,0.8861111111111111,0,-1.4181642918566744,-0.5059211026386564,3.8381808887832856,1.0105870089918068,4.508578524988984,0.15315888128789654,0.0,0.06323986775150181
fk_balanced,targets,diagnostic,retry17_rounded_rectangle_2,360,360,0,3.9156635151185686,5.9604261424868445,6.134771618026985,6.158934172025152,0.31666666666666665,1.0,0,0.9971763946339202,-0.2904743686741593,0.4363496035978413,1.0079751434025737,4.835659782296004,0.1996942407636628,0.0,0.05297878918402703
fk_balanced,targets,diagnostic,retry19_exact_seam_rectangle_0,120,120,0,2.393852686901622,6.428625355168045,6.711760386777728,6.741272228659603,0.7583333333333333,1.0,0,-0.10655966737703933,-0.8472294152979812,-0.3743479042101283,0.9455941166844333,,0.10525321510989649,0.0,0.031541386700295757
fk_balanced,targets,diagnostic,retry19_exact_seam_rectangle_1,120,120,0,2.648551091533586,6.549759175486931,6.9917878156966955,7.049365384594831,0.675,1.0,0,-0.3133598536542992,-1.0213323655376256,-0.5776489481572207,0.9511390403827461,,0.08637969488585875,0.0,0.028879854079812195
fk_balanced,targets,diagnostic,retry19_exact_seam_rectangle_2,120,120,0,2.4959624150228743,3.6445377969846318,3.7092422209794336,3.714332722480495,0.7666666666666667,1.0,0,-1.1240208839696917,-0.8504420116835539,-1.0656471442518864,0.9831053546028978,3.466306742421559,0.07623088755286606,0.0,0.06665666988380069
fk_balanced,targets,diagnostic,retry19_seam_between_rectangle_0,120,120,0,2.4342343728629396,4.834956499581491,5.02669134002741,5.042775972685887,0.8,1.0,0,-0.4813148554588087,-0.6531038880500741,-0.8138806250180283,0.9495846680987906,2.0404834096917495,0.09271640288833809,0.0,0.032948405669318385
fk_balanced,targets,diagnostic,retry19_seam_between_rectangle_1,120,120,0,2.6268405780298174,4.711758415434154,5.071334465667727,5.092715421556068,0.6666666666666666,1.0,0,-0.687031095069209,-0.822251241937265,-1.0518074484228461,0.9563705843557604,3.076608707890437,0.06844191057811277,0.0,0.03205856008651266
fk_balanced,targets,diagnostic,retry19_seam_between_rectangle_2,120,120,0,2.4288991766739434,3.9900466531342524,4.0793316936853055,4.0855458965239055,0.7583333333333333,1.0,0,-1.2521457487599326,-0.7805999374665811,-1.260456708229333,0.9844095583313881,3.6560892240088636,0.05957547126178997,0.0,0.04450038998992557
fk_balanced,targets,diagnostic,retry19_slanted_ellipse,120,120,0,2.689211366792413,4.557845885106817,4.683646019120435,4.6892756873701185,0.7,1.0,0,-0.5655601444165974,-0.7967880830942812,-0.9683748161464324,0.9514022647521365,2.7629883986896995,0.08189823701668414,0.0,0.02291379056151184
fk_balanced,targets,diagnostic,retry19_spiral_3d,120,120,0,2.419593781118434,7.300410352214171,7.721024964214987,7.765645761704452,0.7583333333333333,1.0,0,-0.5160568300661343,-1.0439657014274741,-0.012732191813598772,0.979890343241619,,0.07043888713669524,0.0,3.429800836063059
fk_balanced,targets,diagnostic,retry19_star,120,120,0,2.4854283950816844,3.1633577652216274,3.210441534052079,3.2776841631648437,0.8583333333333333,1.0,0,-1.0938171630544704,-0.5922688105922947,-0.8926494215642164,0.9697856381054913,2.757233147810752,0.09485595964584458,0.0,0.047047196776694084
fk_balanced,targets,diagnostic,retry19_zero_to_boundary_0,120,120,0,6.377650001969783,107.66099983904796,111.10713868331662,111.28688331939294,0.06666666666666667,0.7083333333333334,0,19.330091877948835,2.4623706602461133,-5.844283079075256,1.0038678495994524,9.746404068974565,0.6350499114908937,0.0,7.916939928523245
fk_balanced,targets,diagnostic,retry19_zero_to_boundary_1,120,120,0,4.3839563344570145,6.460630572419876,8.664505231859565,9.436147961963853,0.275,1.0,0,0.6429402088776422,0.4602448482507944,-0.039715905443420595,0.9852512578583484,1.6845490469491404,0.17570469540787395,0.0,7.460020763616902
fk_balanced,targets,diagnostic,retry19_zero_to_boundary_2,120,120,0,3.699742061971313,5.8279235403619865,8.623468214503822,9.436147961963853,0.3416666666666667,1.0,0,0.7071749645152262,0.2863465357848234,-0.20304119239541232,0.9867843922854314,1.9849736796786763,0.18564987772623565,0.0,8.25878918893509
fk_balanced,targets,diagnostic,off_grid_test,3000,3000,0,3.9983906408488514,12.50183525324238,32.85127597414814,123.21604593998077,0.33366666666666667,0.9213333333333333,0,,,,,,,,
fk_balanced,targets,diagnostic,large_star,407,407,0,4.425998031216072,16.34350516289273,21.89497693716623,23.083770700918713,0.2285012285012285,0.8378378378378378,0,-0.8770337330954743,0.14195205269931738,0.6732503378712535,0.9964317283843591,11.688852539372414,1.6253763281673792,0.0,0.3672383542172525
fk_balanced,targets,diagnostic,large_helix,523,523,0,4.057657702597802,15.840090185224827,16.567347711655913,17.313747121151827,0.30401529636711283,0.8738049713193117,0,-8.451983636106529e-05,0.2586718188349965,-0.7907525046783873,0.9967565828212218,,0.9285211020940978,0.0,7.800459750047699
fk_balanced,targets,diagnostic,large_tapered_helix,574,574,0,9.946973902442219,15.063730235179857,16.63216976647243,18.025322916808257,0.02613240418118467,0.5139372822299652,0,-6.655014309417845,-0.11420165876815501,-1.0889389921611283,0.9888529761315337,,0.47581680423588735,0.0,5.997606185661121
fk_balanced,targets,diagnostic,circle_u100_center25_r5,128,128,0,1.9984812216024843,2.077405676995986,2.0786625178365123,2.078806213039492,1.0,1.0,0,-1.3034390875997295,1.114664163691703,-1.023194632696468,0.9925106014189836,1.4084809086023165,0.004237385328052442,0.0,0.004150086972723216
fk_balanced,targets,diagnostic,circle_u100_center25_r10,128,128,0,2.00593997682876,2.174798773488787,2.1774955705061343,2.177636902272463,1.0,1.0,0,-1.3110926635454772,1.0969901368401407,-1.0387203499018816,0.9926058103628971,1.5284820466423321,0.008553531274971594,0.0,0.008221306604873942
fk_balanced,targets,diagnostic,circle_u100_center25_r20,128,128,0,2.1137153722244104,2.380596072406431,2.386974440792823,2.3873563366816417,1.0,1.0,0,-1.3419333737421448,1.0293439369888449,-1.099522119112867,0.9929841858925377,1.8184400334260498,0.017395531320670444,0.0,0.016080506462031425
fk_balanced,targets,diagnostic,circle_u100_center25_r40,128,128,0,2.500856711475386,3.3496166100313527,3.386959468219116,3.389130023660069,0.828125,1.0,0,-1.4707477028958298,0.8065337021328889,-1.320007098885174,0.994463740323015,2.6848759480855966,0.035823274979659064,0.0,0.030238528116115826
fk_balanced,targets,diagnostic,circle_u100_center350_r5,128,128,0,2.918148429941752,3.2773103188590103,3.2824147149283673,3.2827346742815835,0.578125,1.0,0,-1.5889679485129142,2.443304518677436,0.06772186372756069,0.9897211458380268,2.1126081743327974,0.01672371818277622,0.0,0.004131410674211463
fk_balanced,targets,diagnostic,circle_u100_center350_r10,128,128,0,2.890507323825982,3.6466824549927064,3.65705298418882,3.658091064055103,0.546875,1.0,0,-1.5943224159766807,2.397295581785438,0.04967357543964191,0.9894852427958134,2.639537007205439,0.03343548353450492,0.0,0.008373811922435633
fk_balanced,targets,diagnostic,circle_u100_center350_r20,128,128,0,2.782778006403488,4.40651754094396,4.429837484170802,4.431632044332353,0.546875,1.0,0,-1.6168987353084463,2.2143043996688694,-0.02015073728391778,0.9885583375724135,3.6668001539871153,0.06674460856936461,0.0,0.017053274810229335
fk_balanced,targets,diagnostic,circle_u100_center350_r40,128,128,0,2.3951740201543927,5.816121507315946,5.862296724171733,5.864868759065228,0.5625,1.0,0,-1.725282425943879,1.498939912060203,-0.26300676061431794,0.9851029809907766,5.423049899253396,0.13252189159752614,0.0,0.034752429383848
fk_balanced,targets,diagnostic,circle_u150_center25_r5,128,128,0,3.2142491643811155,3.385112253403778,3.3880293402773756,3.3881127823331614,0.0,1.0,0,0.8397000899418635,-3.0349977302786306,-0.6674487076430938,1.0188245804959835,1.0679679913147,0.006596895521174503,0.0,0.005038545173353781
fk_balanced,targets,diagnostic,circle_u150_center25_r10,128,128,0,3.1125891180353733,3.52149251545329,3.529380732691651,3.529795994216209,0.1484375,1.0,0,0.8329631172384021,-2.940371653703682,-0.6720149733507392,1.0189011144899796,1.3008544592386317,0.013401044594976581,0.0,0.009780404004635134
fk_balanced,targets,diagnostic,circle_u150_center25_r20,128,128,0,2.88706285237544,3.7634513633980156,3.7866884439847635,3.7885639308368453,0.6171875,1.0,0,0.8108148524584146,-2.570108487290182,-0.6853345654196816,1.0191597731513022,1.773401885331083,0.027643736582385336,0.0,0.01927223251683723
fk_balanced,targets,diagnostic,circle_u150_center25_r40,128,128,0,2.6831841750430283,4.085239153339013,4.173015578858529,4.1779477934395,0.6875,1.0,0,0.8062755200781736,-1.228078698633748,-0.6786458814394194,1.0195179830489753,2.6665347409585927,0.05863543979684052,0.0,0.0376812998773141
fk_balanced,targets,diagnostic,circle_u150_center350_r5,128,128,0,3.826822290749411,4.128700827820771,4.1327305093690105,4.132983498378923,0.0,1.0,0,-2.986376686821626,0.2212254970282413,-2.3627223394363828,1.02838093456058,3.122876900454219,0.009415442451289023,0.0,0.007165291991113196
fk_balanced,targets,diagnostic,circle_u150_center350_r10,128,128,0,3.8285311121628216,4.4233128284622945,4.43245166832858,4.433159754078356,0.0,1.0,0,-2.957891150049229,0.21996187893543429,-2.3420936486651716,1.0282469387848097,3.226099077208311,0.01924891382412398,0.0,0.013557958853008367
fk_balanced,targets,diagnostic,circle_u150_center350_r20,128,128,0,3.8325914095425064,5.043444981694416,5.071962411169655,5.074543359872927,0.265625,1.0,0,-2.844722920013091,0.2154751238988219,-2.260888004246002,1.0277160915443522,3.43153106867915,0.04055211376283508,0.0,0.02413474023650451
fk_balanced,targets,diagnostic,circle_u150_center350_r40,128,128,0,3.8195805635156237,6.596647709387118,6.719918916142426,6.731387967674011,0.3671875,1.0,0,-2.4047131939508684,0.20607270220721235,-1.9561109607274938,1.0256738817315303,4.075872797729152,0.09048970785806104,0.0,0.037209856742024545
fk_balanced,zero,diagnostic,exact_zero,1,1,0,9.436156951145842,9.436156951145842,9.436156951145842,9.436156951145842,0.0,1.0,0,,,,,,,,
anchored_20260925,on_grid,test,all,8272,8272,0,2.9558915116927453,9.833337219126788,20.41112850681989,125.64836436917584,0.5102756286266924,0.9512814313346228,0,,,,,,,,
anchored_20260925,on_grid,test,core,71,71,0,0.8951582739870931,2.0477421007634593,3.190724320750916,3.931382783834747,0.9859154929577465,1.0,0,,,,,,,,
anchored_20260925,on_grid,test,transition,1139,1139,0,1.979384621207965,9.838445548896411,28.70769818569889,59.303928873730634,0.7708516242317822,0.9508340649692713,0,,,,,,,,
anchored_20260925,on_grid,test,tip,100,100,0,3.1545980539580047,6.404468276823312,7.3791050660081545,7.77144865947134,0.48,1.0,0,,,,,,,,
anchored_20260925,on_grid,test,outer,4187,4187,0,3.2999696329087143,8.965100792012699,19.050647211309418,125.64836436917584,0.429902077860043,0.960114640554096,0,,,,,,,,
anchored_20260925,on_grid,train,all,58629,58629,0,3.0472155471708096,9.088356290641704,18.217915213294805,141.10242636171208,0.4893994439611796,0.9595422060754917,0,,,,,,,,
anchored_20260925,on_grid,train,core,417,417,0,1.0641138839483752,2.5777249595546508,3.530693297210237,4.256112507641166,0.9808153477218226,1.0,0,,,,,,,,
anchored_20260925,on_grid,train,transition,5726,5726,0,1.9197417430734243,5.988135364558282,17.730460673037236,55.53416705654354,0.7748864827104436,0.9758994062172547,0,,,,,,,,
anchored_20260925,on_grid,train,tip,1182,1182,0,2.739220686085221,7.0251072245655175,8.175461843861392,8.641202711437574,0.5414551607445008,1.0,0,,,,,,,,
anchored_20260925,on_grid,train,outer,35986,35986,0,3.3078547651690053,8.582948480378445,16.8463039173733,141.10242636171208,0.42513755349302507,0.965708886789307,0,,,,,,,,
anchored_20260925,on_grid,validation,all,7795,7795,0,3.1260202016043745,10.169518373258567,20.7308256644851,79.68625897156663,0.4708146247594612,0.9475304682488774,0,,,,,,,,
anchored_20260925,on_grid,validation,core,38,38,0,0.7741075997727037,1.4697378740358484,1.6942625150266213,1.8257204477534479,1.0,1.0,0,,,,,,,,
anchored_20260925,on_grid,validation,transition,634,634,0,1.7126920526013414,5.3161145515645085,12.861192613148761,47.88259852902948,0.7697160883280757,0.9858044164037855,0,,,,,,,,
anchored_20260925,on_grid,validation,tip,109,109,0,3.482799045983778,8.190083521055566,8.51054439120323,8.690386184335072,0.3944954128440367,1.0,0,,,,,,,,
anchored_20260925,on_grid,validation,outer,4553,4553,0,3.3429033312114362,9.40826145681643,16.273562898696756,79.68625897156663,0.41972325938941357,0.9560729189545355,0,,,,,,,,
anchored_20260925,targets,diagnostic,fixed_circle_r40_u100,121,121,0,0.7545374261614208,0.979970416455904,0.98995206463429,0.9904690160742068,1.0,1.0,0,-0.25678493266496755,0.14701983682324932,-0.4283360903924723,1.0007377971636378,0.926046874944797,0.08893674695638228,0.0,0.0
anchored_20260925,targets,diagnostic,retry17_rounded_rectangle_0,360,360,0,3.684448184264105,5.620205185371404,5.925991478420447,5.986539363399544,0.25833333333333336,1.0,0,-0.8336335194149825,0.5068120266663191,1.6970536739427968,1.0056697275317747,2.319332171119147,0.18030247993635035,0.0,0.10488139668695393
anchored_20260925,targets,diagnostic,retry17_rounded_rectangle_1,360,360,0,3.019265858694177,4.436147164608451,4.797219932636382,4.820467666028509,0.49722222222222223,1.0,0,-0.016429456502908835,0.39274247049471045,1.368417722017248,1.0057907327291598,2.9450223675572267,0.1425656847720299,0.0,0.05063133854365827
anchored_20260925,targets,diagnostic,retry17_rounded_rectangle_2,360,360,0,2.7699991385101366,5.357010960405867,5.570154753394254,5.583266563513345,0.5527777777777778,1.0,0,1.862657004621644,0.5721510945810312,-0.9799327787844548,1.00060375467194,3.1040452536067544,0.15441520920835577,0.0,0.06578027123592342
anchored_20260925,targets,diagnostic,retry19_exact_seam_rectangle_0,120,120,0,1.1156797714777973,2.4408783618590615,2.4655429325877516,2.4679205171642176,1.0,1.0,0,-0.0025030996289846876,-0.043855037514445805,-1.241558543627642,0.9957810104394321,,0.15867297838221248,0.0,0.06234425919658389
anchored_20260925,targets,diagnostic,retry19_exact_seam_rectangle_1,120,120,0,1.0793819951245711,2.5126698350732593,2.533063659411649,2.534911261489352,1.0,1.0,0,-0.03706345477921258,-0.12001456993672294,-1.1117374969767557,0.9998711340430889,,0.15240371849778703,0.0,0.04447328267665709
anchored_20260925,targets,diagnostic,retry19_exact_seam_rectangle_2,120,120,0,1.0630083838461586,1.9567687036614816,2.008097506121304,2.0109069646357716,1.0,1.0,0,-0.031830027472297864,-0.11016692414831848,-0.5567204582878927,1.0020673400282798,1.9361350877346815,0.12520675899644249,0.0,0.1185942821062239
anchored_20260925,targets,diagnostic,retry19_seam_between_rectangle_0,120,120,0,1.026233540761504,2.452374427784897,2.4817072721099187,2.4843661160691357,1.0,1.0,0,0.006271656266199077,-0.06694387621187765,-1.2155800454902124,1.0045236534444855,0.7559806641488108,0.14983300604892347,0.0,0.0631041177417478
anchored_20260925,targets,diagnostic,retry19_seam_between_rectangle_1,120,120,0,1.205038308400777,2.4278746048152198,2.470604092316329,2.47401603447159,1.0,1.0,0,-0.10940138456392116,-0.11871711309492472,-1.050836632633592,1.0054216927344775,1.779778095572621,0.12967882535550834,0.0,0.04687409416991657
anchored_20260925,targets,diagnostic,retry19_seam_between_rectangle_2,120,120,0,1.0928858335561893,1.809137494339723,1.8440652197875766,1.846463825199728,1.0,1.0,0,-0.12402487232248866,-0.10049008706603882,-0.5581308142123832,1.0026116439685169,1.740882200613812,0.08694745436061607,0.0,0.07873585943096824
anchored_20260925,targets,diagnostic,retry19_slanted_ellipse,120,120,0,1.1306990130605865,2.448890550356335,2.466683493260181,2.468265473709855,1.0,1.0,0,-0.1131460312378966,-0.08755194112001576,-1.1602292312430569,1.0049367783123901,1.4262863477811347,0.1414882224304604,0.0,0.030253042268102104
anchored_20260925,targets,diagnostic,retry19_spiral_3d,120,120,0,0.9380300048157311,2.3667975150854406,2.5376034169544446,2.57203372030637,1.0,1.0,0,-0.027194234489299102,-0.09872384015816518,-0.8884020558218606,0.9911288200682347,,0.11587586681655883,0.0,5.622704786081938
anchored_20260925,targets,diagnostic,retry19_star,120,120,0,1.2406061606691248,2.14271587720006,2.2730277448170697,2.30557953094817,1.0,1.0,0,-0.18201925610170644,-0.061204436496397056,-1.0341766479767527,1.00553098138067,1.2308304508250918,0.1654399883024026,0.0,0.0753395478661794
anchored_20260925,targets,diagnostic,retry19_zero_to_boundary_0,120,120,0,1.9638473586681275,7.328961777242643,7.6005122261607525,7.630010290306163,0.7666666666666667,1.0,0,1.450175019989249,0.4446464089882718,-0.5905041284600904,1.016062568053151,1.32704357299591,0.3605303080395066,0.0,12.2219669275078
anchored_20260925,targets,diagnostic,retry19_zero_to_boundary_1,120,120,0,2.382649203791889,8.168118569591835,8.465705236253635,8.48697867303162,0.575,1.0,0,1.898563619414349,-0.04775528980760734,0.4686606272374569,1.0117791135641614,3.1749093088414444,0.36687806173853427,0.0,14.61838750320066
anchored_20260925,targets,diagnostic,retry19_zero_to_boundary_2,120,120,0,3.394506561267737,8.347593201878217,8.545501193762723,8.557370058046114,0.45,1.0,0,1.8970188284246143,0.024345892016872442,0.3816352883207348,1.0132426487402042,3.8001384453632614,0.3891351669639464,0.0,14.824923885965383
anchored_20260925,targets,diagnostic,off_grid_test,3000,3000,0,2.397562615724178,7.5452176642499245,15.853995259714482,71.83002924154032,0.6813333333333333,0.9716666666666667,0,,,,,,,,
anchored_20260925,targets,diagnostic,large_star,407,407,0,3.1765034773182745,26.70337199026541,42.21683331625974,55.75985341413295,0.47174447174447176,0.85995085995086,0,1.3027611733198603,-0.07954866854147077,-0.9968982804953832,0.9982342759244676,15.54726447863409,2.9285140429687826,0.0,0.5335107718247504
anchored_20260925,targets,diagnostic,large_helix,523,523,0,3.0871094351216994,13.386524513050556,37.67519072644819,68.58380786977072,0.4837476099426386,0.8891013384321224,0,-0.253886922390598,-0.40093621580625033,-1.6339901306515903,1.000207018377334,,3.1046782820417516,0.0,11.404713275827257
anchored_20260925,targets,diagnostic,large_tapered_helix,574,574,0,6.566780339972487,13.568181337501885,14.717860819047369,14.989316241759843,0.03832752613240418,0.7282229965156795,0,-4.576244946458749,-0.2536757615522023,-1.8242401848047427,0.9905755594985683,,0.921767112222013,0.0,3.416509287938214
anchored_20260925,targets,diagnostic,circle_u100_center25_r5,128,128,0,0.7636473825691522,0.7856373423108904,0.7859724694281767,0.7860089499806554,1.0,1.0,0,-0.6264688909135772,0.3131301099048828,-0.3000177094659662,0.9955740832430076,0.6920897187654207,0.008234646818096623,0.0,0.006972769368936767
anchored_20260925,targets,diagnostic,circle_u100_center25_r10,128,128,0,0.7641524004026851,0.811828705694203,0.812483666108282,0.8125800425166805,1.0,1.0,0,-0.6218497191111446,0.30624119461303767,-0.30511814623214456,0.9956433180263522,0.7498990971086861,0.016719449314544964,0.0,0.013657817019086747
anchored_20260925,targets,diagnostic,circle_u100_center25_r20,128,128,0,0.7681971191394967,0.872332096479965,0.8735614618835198,0.8736556640152774,1.0,1.0,0,-0.6046499148146829,0.2785753471552391,-0.32534180131808504,0.9959079599784272,0.846306023906851,0.03451294587607443,0.0,0.026183530183243882
anchored_20260925,targets,diagnostic,circle_u100_center25_r40,128,128,0,0.7980632004860579,1.004182752521806,1.0092443542404297,1.009781767249699,1.0,1.0,0,-0.5546923467022908,0.16770431974543934,-0.4042130045533807,0.9968014181271448,0.964660008369167,0.07364053831013873,0.0,0.04793170627421073
anchored_20260925,targets,diagnostic,circle_u100_center350_r5,128,128,0,1.5652157641978153,1.7119130292967364,1.7140118882025202,1.714214902513495,1.0,1.0,0,0.4556057193143542,1.449388057099126,-0.356695745116323,0.9992985926132208,0.6039627004114423,0.009256400429248218,0.0,0.002530728494781868
anchored_20260925,targets,diagnostic,circle_u100_center350_r10,128,128,0,1.551388684800457,1.8436210299895956,1.8480730459185044,1.8483192161015531,1.0,1.0,0,0.43166854494428375,1.4261633187315883,-0.361055325980546,0.9991703391606184,0.7283816373077401,0.018625285536390083,0.0,0.004974392087965907
anchored_20260925,targets,diagnostic,circle_u100_center350_r20,128,128,0,1.503607154904282,2.0844837896377966,2.0957596606626034,2.0964063945544202,1.0,1.0,0,0.3360267062815208,1.3326444523516638,-0.37827998271453983,0.9986603268329712,0.9446023870179676,0.03764288006323278,0.0,0.009570088873072953
anchored_20260925,targets,diagnostic,circle_u100_center350_r40,128,128,0,1.6836037243787092,2.5093808184514512,2.5434575407614832,2.5455114242068704,1.0,1.0,0,-0.04430638232340994,0.9484848826195962,-0.4443898606438488,0.9966121974299529,1.638479097191636,0.07669576730325005,0.0,0.01759934976839318
anchored_20260925,targets,diagnostic,circle_u150_center25_r5,128,128,0,2.0935916529030023,2.1685355103303197,2.1693591887010846,2.1694671818719566,1.0,1.0,0,-0.5726632649845301,-0.2746202429246531,-1.980583673881103,1.0094456205556976,0.7260083102345716,0.0065940140351184034,0.0,0.005542485068053785
anchored_20260925,targets,diagnostic,circle_u150_center25_r10,128,128,0,2.090796209802165,2.210261043499619,2.2123009868770325,2.2124166889270906,1.0,1.0,0,-0.558447226322055,-0.2673161725435601,-1.9419903877467295,1.0093338101413247,0.8551955086073204,0.013216644495126112,0.0,0.011119974855603884
anchored_20260925,targets,diagnostic,circle_u150_center25_r20,128,128,0,2.068023292815586,2.270780561590157,2.282017691575308,2.2831191018995916,1.0,1.0,0,-0.5030793491053263,-0.23716147571183363,-1.793015902392628,1.0088946513103902,1.0517336031868219,0.026568455365677736,0.0,0.022339841227819204
anchored_20260925,targets,diagnostic,circle_u150_center25_r40,128,128,0,1.541419182833474,2.408790909076167,2.466200247036422,2.4691136874543886,1.0,1.0,0,-0.3035492367459668,-0.10493302180494753,-1.2758846451194987,1.0072717954383186,1.2551686315520616,0.053633213353985486,0.0,0.04473485757752742
anchored_20260925,targets,diagnostic,circle_u150_center350_r5,128,128,0,1.9492211735213174,1.9910257662514115,1.9916628104971275,1.991682951167602,1.0,1.0,0,0.1543181988261904,0.5976258775297482,-1.8197037969355179,1.016751852084017,0.35907206782029855,0.009454262471767024,0.0,0.003423312156351547
anchored_20260925,targets,diagnostic,circle_u150_center350_r10,128,128,0,2.0294547918767467,2.0855867505537278,2.088276236363555,2.0883937652610327,1.0,1.0,0,0.15643255098919673,0.5993585107501999,-1.8184603488008186,1.0166974305255758,0.5634438020702404,0.01898749900581232,0.0,0.00673495338781603
anchored_20260925,targets,diagnostic,circle_u150_center350_r20,128,128,0,2.1820145644716202,2.373364271274336,2.382037315072596,2.382719396653696,1.0,1.0,0,0.16452921259005673,0.6062203053670435,-1.8133388888029152,1.016483122357038,0.9608999166694443,0.038265281051350186,0.0,0.013006667871474458
anchored_20260925,targets,diagnostic,circle_u150_center350_r40,128,128,0,2.621724193319727,3.1095945617076457,3.130725929261622,3.132959181727435,0.7734375,1.0,0,0.19197495456512065,0.6314952117894745,-1.7902060861048796,1.0156194640507605,1.6549197466273147,0.07751581689047471,0.0,0.024109153707543407
anchored_20260925,zero,diagnostic,exact_zero,1,1,0,0.0,0.0,0.0,0.0,1.0,1.0,0,,,,,,,,
anchored_20260926,on_grid,test,all,8272,8272,0,3.3605550600311105,11.341135940406064,25.91635063728934,125.1157225939232,0.4234767891682785,0.934115087040619,0,,,,,,,,
anchored_20260926,on_grid,test,core,71,71,0,1.083789700379258,1.8739399131116814,2.9029243935244637,2.9752410487526872,1.0,1.0,0,,,,,,,,
anchored_20260926,on_grid,test,transition,1139,1139,0,1.9433939418116675,9.066254356018332,36.36133469707156,89.14740959495803,0.7436347673397717,0.9525899912203687,0,,,,,,,,
anchored_20260926,on_grid,test,tip,100,100,0,3.5994265859733874,6.317970706591938,6.788337148070355,7.392806801396398,0.38,1.0,0,,,,,,,,
anchored_20260926,on_grid,test,outer,4187,4187,0,3.6315508741918716,9.971854204475358,19.329115210140518,125.1157225939232,0.36661093861953664,0.950083592070695,0,,,,,,,,
anchored_20260926,on_grid,train,all,58629,58629,0,3.3133396537872817,10.005298508367218,18.567973865288515,118.60642283562993,0.43724095584096606,0.9499223933548244,0,,,,,,,,
anchored_20260926,on_grid,train,core,417,417,0,1.0240999031004803,2.10516116610999,3.0269470836197354,6.144649204464454,0.988009592326139,1.0,0,,,,,,,,
anchored_20260926,on_grid,train,transition,5726,5726,0,1.926388884167101,8.732910248196488,26.77125532984692,65.88619537560861,0.7789032483409012,0.9605309116311561,0,,,,,,,,
anchored_20260926,on_grid,train,tip,1182,1182,0,3.063445178515387,7.6821304481860855,8.838820921210502,9.510507358769187,0.49153976311336717,1.0,0,,,,,,,,
anchored_20260926,on_grid,train,outer,35986,35986,0,3.5704462194088915,9.141183568529112,16.262601647122043,118.60642283562993,0.37653531929083534,0.9602067470683043,0,,,,,,,,
anchored_20260926,on_grid,validation,all,7795,7795,0,3.536180076622112,11.819543154492349,24.400585010742244,143.5533341784257,0.3947402180885183,0.927902501603592,0,,,,,,,,
anchored_20260926,on_grid,validation,core,38,38,0,1.214139507111628,1.823374928861903,2.070260953518587,2.2107222163194273,1.0,1.0,0,,,,,,,,
anchored_20260926,on_grid,validation,transition,634,634,0,2.0848962158022175,14.052189117342913,49.97701000189074,99.08058540967032,0.7555205047318612,0.9369085173501577,0,,,,,,,,
anchored_20260926,on_grid,validation,tip,109,109,0,3.8872745487506863,8.647808436369509,9.062933916672565,9.450669398293366,0.43119266055045874,1.0,0,,,,,,,,
anchored_20260926,on_grid,validation,outer,4553,4553,0,3.644605171149908,10.030600544280045,16.512867278214465,143.5533341784257,0.37272128267076654,0.9497034922029431,0,,,,,,,,
anchored_20260926,targets,diagnostic,fixed_circle_r40_u100,121,121,0,0.5283479134465038,0.7259484294211985,0.7343689276726211,0.7354990639739923,1.0,1.0,0,0.06027648162547326,0.08806965842275166,0.10650690508674648,1.0066611009548956,0.3522213241855532,0.07490540396706047,0.0,0.0
anchored_20260926,targets,diagnostic,retry17_rounded_rectangle_0,360,360,0,4.6630122194788495,6.886490924820198,9.320892498604309,9.520574435924715,0.19166666666666668,1.0,0,0.2113303442791447,-0.8179639464482171,1.7434950931581779,1.0041165164983,5.612806706972285,0.42590199522484573,0.0,0.07823939005567293
anchored_20260926,targets,diagnostic,retry17_rounded_rectangle_1,360,360,0,4.064473236985225,7.6790296545221945,9.299352704374101,9.3984829148731,0.1638888888888889,1.0,0,1.5177939900657356,-0.9739682791965835,2.058469635060826,1.0062525385720176,6.79095342645486,0.29370026874466393,0.0,0.07943894202865642
anchored_20260926,targets,diagnostic,retry17_rounded_rectangle_2,360,360,0,4.538690483017084,19.17153528239102,24.524773149026217,26.05855428398677,0.14444444444444443,0.8777777777777778,0,0.38588597228284405,-0.893536717144349,0.7471830388298079,1.0016638803278342,15.354363428917942,1.0115779099487454,0.0,0.04761986544991734
anchored_20260926,targets,diagnostic,retry19_exact_seam_rectangle_0,120,120,0,1.489590773471166,1.7746301709302885,1.8339714280485715,1.8418842255631562,1.0,1.0,0,0.5063062349290215,0.5949630915847073,0.04405959688330938,1.009384081544347,,0.17233591804317672,0.0,0.047799371359041734
anchored_20260926,targets,diagnostic,retry19_exact_seam_rectangle_1,120,120,0,1.400136189220539,1.7018852850969437,1.7061946462532256,1.706400543302501,1.0,1.0,0,0.6000074904309297,0.5355664902715155,0.007746083904733891,1.0103382410417654,,0.16071605871769254,0.0,0.040483384984311824
anchored_20260926,targets,diagnostic,retry19_exact_seam_rectangle_2,120,120,0,1.3144733374456992,1.7073109111928106,1.7175352099418464,1.7182036499511122,1.0,1.0,0,0.8954094124169995,0.5086043475064536,-0.40049869855250064,1.004059286501026,0.5642356733747245,0.1363271607388695,0.0,0.11369362137673975
anchored_20260926,targets,diagnostic,retry19_seam_between_rectangle_0,120,120,0,1.397185506673858,1.6014818790077803,1.642716465934419,1.6477397367530446,1.0,1.0,0,0.5805717294328772,0.512818468700167,-0.046507496772004,1.0160783961334774,1.5111832818933209,0.1539558789866724,0.0,0.04663695853967019
anchored_20260926,targets,diagnostic,retry19_seam_between_rectangle_1,120,120,0,1.2823677847819506,1.6091148038634042,1.6249364410146578,1.6259734753341766,1.0,1.0,0,0.7094258160140384,0.44665741335949216,-0.13732010149868085,1.0152336692573676,1.3945813588019151,0.13875358544151653,0.0,0.042570861549396974
anchored_20260926,targets,diagnostic,retry19_seam_between_rectangle_2,120,120,0,1.3752908250714435,1.6556169854032141,1.6647086364734571,1.6652272302322009,1.0,1.0,0,0.9646492334678753,0.455354604905669,-0.49693434395069547,1.0044359661827784,0.8267356835974233,0.11006337583287797,0.0,0.0837773928120839
anchored_20260926,targets,diagnostic,retry19_slanted_ellipse,120,120,0,1.3501218980309115,1.592844704688811,1.6106047918008657,1.6118568257805752,1.0,1.0,0,0.6430229117132535,0.4774663383093724,-0.07590906276644813,1.016767459991434,1.4955515859315214,0.1732955596215635,0.0,0.025900077332688353
anchored_20260926,targets,diagnostic,retry19_spiral_3d,120,120,0,1.5354907374390332,1.8902470200184611,1.904188327966893,1.9055416476773102,1.0,1.0,0,0.7290962639186586,0.6435754835357136,-0.1493398167202405,0.9992417312172777,,0.1272669148048476,0.0,6.042966325712823
anchored_20260926,targets,diagnostic,retry19_star,120,120,0,1.3869408676089008,1.6190079416125163,1.6534555080643665,1.673899875754278,1.0,1.0,0,0.882397788111842,0.4641675671979508,-0.31971315393283334,1.0186331414322374,1.5944508726404703,0.17221212086447024,0.0,0.0853841948143294
anchored_20260926,targets,diagnostic,retry19_zero_to_boundary_0,120,120,0,1.808527928799161,8.325336935768377,8.600478735424915,8.61301378408356,0.7333333333333333,1.0,0,2.102494752956979,0.2823438508740909,0.19600265379146578,1.012819391887652,1.2000986553906554,0.30603960606529756,0.0,11.628026564480285
anchored_20260926,targets,diagnostic,retry19_zero_to_boundary_1,120,120,0,2.4977956591284114,8.1503538802993,8.384913941319098,8.399602932771257,0.7166666666666667,1.0,0,1.9566277537170054,0.5930236832348222,0.8104192219434079,0.9993134335858171,0.9295221003684054,0.29663686349699653,0.0,8.652432454449428
anchored_20260926,targets,diagnostic,retry19_zero_to_boundary_2,120,120,0,2.6727782094644192,8.287238516632266,8.535931222765425,8.563271991716489,0.7416666666666667,1.0,0,1.814131182984613,0.4783876186964729,1.0066829243585163,1.0000407348400997,1.5693768418784837,0.3170703615748682,0.0,9.421163415345193
anchored_20260926,targets,diagnostic,off_grid_test,3000,3000,0,2.7419808833302453,9.693641573254771,23.972605853071094,101.27646774758719,0.5563333333333333,0.9536666666666667,0,,,,,,,,
anchored_20260926,targets,diagnostic,large_star,407,407,0,3.27421062730926,17.740647349779362,41.23564415755147,47.80132357802154,0.4668304668304668,0.8501228501228502,0,0.7817040783169911,0.9651342169630458,-0.18520697957636365,0.9986393827842356,14.626386514329148,3.016579513919165,0.0,0.5698357555484479
anchored_20260926,targets,diagnostic,large_helix,523,523,0,3.3231691814198308,12.660661485205246,30.125599378767586,42.339087077280816,0.4110898661567878,0.8374760994263862,0,0.03684392326623489,-0.2702857937067583,-0.579133898758092,0.9986825893237905,,2.355352102021404,0.0,7.987296213059666
anchored_20260926,targets,diagnostic,large_tapered_helix,574,574,0,7.8905685718398395,13.848732568884817,15.394329677402146,16.188348227583933,0.036585365853658534,0.735191637630662,0,-5.36616013606454,0.4328037984128544,-0.3998676742875126,0.9899869316667164,,0.4268693207660488,0.0,4.872312242777422
anchored_20260926,targets,diagnostic,circle_u100_center25_r5,128,128,0,0.5254913106109698,0.5893242323920147,0.5902558890358778,0.5903636319229748,1.0,1.0,0,0.34002922974897715,0.3026383670646296,-0.2597729248855899,1.0067144202463933,0.35263584094852307,0.008292276539218605,0.0,0.005243450848454164
anchored_20260926,targets,diagnostic,circle_u100_center25_r10,128,128,0,0.5175563245938579,0.6437465716655552,0.6454326571295247,0.6455275028801853,1.0,1.0,0,0.3313006865806722,0.2965698816882136,-0.25445838002860866,1.0065909963020465,0.35623153077779524,0.01658369930479096,0.0,0.010340479516576179
anchored_20260926,targets,diagnostic,circle_u100_center25_r20,128,128,0,0.4864653780205127,0.7258118704630989,0.729494032060391,0.7298983907204675,1.0,1.0,0,0.2966000273773445,0.2728632965465434,-0.23324496818788057,1.0060890345703237,0.3498262434877164,0.033195146253085096,0.0,0.020155034467061378
anchored_20260926,targets,diagnostic,circle_u100_center25_r40,128,128,0,0.4493147540468734,0.8030957939575611,0.8170943308515289,0.8180313096538682,1.0,1.0,0,0.16134651983712273,0.18700636843843682,-0.14991640512145402,1.004219891781154,0.30987646756454046,0.06587802831841924,0.0,0.03829174803438398
anchored_20260926,targets,diagnostic,circle_u100_center350_r5,128,128,0,4.090419790281797,4.603158118158297,4.609478822360911,4.609909407248178,0.0,1.0,0,1.9545121619867454,3.532032076352226,0.3871086196591463,0.93359600791182,2.2322595472372586,0.011499050354539592,0.0,0.0033472195801293736
anchored_20260926,targets,diagnostic,circle_u100_center350_r10,128,128,0,4.134311903093652,5.072690752891051,5.083079934005896,5.084137685805259,0.140625,1.0,0,1.9451275432039763,3.466462173684149,0.40235277801521074,0.9338626429041043,2.4890785725744657,0.023044631372799895,0.0,0.006884830683372853
anchored_20260926,targets,diagnostic,circle_u100_center350_r20,128,128,0,4.293134623485957,5.824961967383443,5.841808614552587,5.842767687494938,0.3046875,1.0,0,1.9039422523695875,3.208353547279958,0.46106868019569885,0.9349048510067453,2.9501037092278914,0.04655713070374567,0.0,0.01440401518591064
anchored_20260926,targets,diagnostic,circle_u100_center350_r40,128,128,0,4.709408402355757,6.720181580173946,6.761836010250699,6.765264318554136,0.203125,1.0,0,1.6854776371718754,2.2380741312613854,0.6621221063616499,0.9386981098574249,3.6839251938599493,0.09614174275709948,0.0,0.029987091777294732
anchored_20260926,targets,diagnostic,circle_u150_center25_r5,128,128,0,1.4215425276374551,1.5042691566100468,1.5053856374242425,1.5054930998302911,1.0,1.0,0,0.4562756901476013,1.3273017975677017,-0.1745683259694866,1.0021588874992313,0.6131133567736535,0.006375127816560651,0.0,0.0044419174771825895
anchored_20260926,targets,diagnostic,circle_u150_center25_r10,128,128,0,1.4199722697241304,1.5776748408154755,1.5795775851127014,1.579816441653364,1.0,1.0,0,0.4458711578848411,1.3086722846872707,-0.15924313115955707,1.0021528202235481,0.7588896709604054,0.012782699031678864,0.0,0.008856087310862001
anchored_20260926,targets,diagnostic,circle_u150_center25_r20,128,128,0,1.4145446230813206,1.6917081895774695,1.6945845106120936,1.6946898880854262,1.0,1.0,0,0.4052405950148424,1.2357374898160505,-0.10123489649722459,1.0021227362573115,1.0165101841386193,0.02569517165758797,0.0,0.017620794161148638
anchored_20260926,targets,diagnostic,circle_u150_center25_r40,128,128,0,1.4032297169488135,1.782918920005914,1.7859246675426628,1.786750210252976,1.0,1.0,0,0.25628841298680655,0.9672967939826763,0.08339268935136711,1.0020440698814888,1.355815542317118,0.05194358863794697,0.0,0.03500455941375668
anchored_20260926,targets,diagnostic,circle_u150_center350_r5,128,128,0,4.6750453027139205,4.99938793145498,5.003494202911833,5.003850607789424,0.0,1.0,0,-3.212368602217573,2.426815145364484,-2.32249677563687,1.0389083393574081,3.7603404294899723,0.010233330923971605,0.0,0.0040748481701472945
anchored_20260926,targets,diagnostic,circle_u150_center350_r10,128,128,0,4.699936535608607,5.322872077670493,5.332088176888761,5.332633547677948,0.0,1.0,0,-3.1859581873030924,2.3767373261214844,-2.291384958971122,1.0387002282857043,4.264033955206014,0.022084136020766854,0.0,0.008248093753025085
anchored_20260926,targets,diagnostic,circle_u150_center350_r20,128,128,0,4.785806917038557,5.961960904255013,5.985132903497155,5.987372222014395,0.0,1.0,0,-3.083171749237711,2.178338886298737,-2.167478412861161,1.0378844908378195,5.137350894912274,0.0509263173384382,0.0,0.019272659403660353
anchored_20260926,targets,diagnostic,circle_u150_center350_r40,128,128,0,4.947286854401825,7.089072891101321,7.175930784633139,7.1828458004921645,0.3046875,1.0,0,-2.7178624198583856,1.4229000298943413,-1.688919248732238,1.034735040170887,6.274190753740371,0.1300835140638316,0.0,0.04617592077069433
anchored_20260926,zero,diagnostic,exact_zero,1,1,0,0.0,0.0,0.0,0.0,1.0,1.0,0,,,,,,,,
